id,mass,pos_x,pos_y,pos_z,vel_x,vel_y,vel_z
1,1.98847e38,-688114.1439331517,-138566.17741760638,83483.74077100866,5.081892952276872,1.3477217822176577,5.506300909087882
2,1.98847e38,-391000.8150949067,-19834.56904886612,86803.04483875091,1.5730132240962333,-3.8185350688929147,6.171082773608082
3,1.98847e38,-711782.1022117551,-15201.330269416561,106410.02819994146,6.316223812268483,2.7387520991426655,-5.458557915197595
4,1.98847e38,-391924.6210087944,-67297.51910494236,-477100.71130419755,3.2913818619892035,3.404126740486378,-3.6213783199640743
5,1.98847e38,-463188.92551873764,21392.98152950636,60784.14443425087,-0.37860533582763756,1.558140289581076,-1.0198680033602066
6,1.98847e38,-930184.5910502782,-519989.53296786186,-145684.13650329743,5.103070154686055,-3.0613332739593813,-1.9504243739313065
7,1.98847e38,-1.5945231554567781e6,12277.26422263286,-358436.2268147605,2.031057412941869,0.44938104611097845,0.4729671006486235
8,1.98847e38,-638901.3313210615,-177099.7623667728,67159.62741425697,9.419733759893933,0.3080558789812871,2.8239545408027094
9,1.98847e38,-597476.279200313,-145798.16431748244,20062.11355520519,6.289160530215092,6.143494965089716,-5.44262010874493
10,1.98847e38,-653848.832096359,-206248.21579229666,1879.8662065246847,-0.45961622397400514,-1.7687792189726255,4.377289188839475
11,1.98847e38,-393045.724003486,-271173.00715507456,-111669.85865405953,3.236514340293295,-3.330208868560315,3.256828588704728
12,1.98847e38,-547352.4538068903,-615773.0422331907,-94021.64029058065,-0.4097062424301581,2.0041652793874634,-0.801423565084806
13,1.98847e38,-116149.25166307279,172014.48115272005,-220058.3159632187,1.9807057782580246,-0.8488477085332677,0.3102507274416263
14,1.98847e38,-181961.36411842436,-138833.42051192338,388390.44473725895,2.73802194044982,-1.6579637751693264,1.3646998452600563
15,1.98847e38,-633502.5479970386,-520279.6000612733,-1198.8051477715824,1.912165465689164,1.132774386932572,-0.524948178615171
16,1.98847e38,-898055.3088103638,-346390.8575275206,-250491.95188365696,4.796722457878865,-0.6090736623904902,1.4284562452436471
17,1.98847e38,-647032.3368045767,439724.3417375125,56492.649868969536,4.70746603758592,4.448359845914032,0.10228595410482005
18,1.98847e38,-472835.15138830245,-165372.21746763098,307786.5497070377,1.7110282996181798,-0.943079285479041,-4.82959232974838
19,1.98847e38,-764230.9665025395,-565970.0232637494,-159986.49067568322,-1.8831951893101326,-0.0633423455977264,2.2357886437155603
20,1.98847e38,-421799.6185423606,-314105.36106692255,63186.690868149984,8.779467742545677,-0.4429576954142515,-3.7269418568746837
21,1.98847e38,-606614.7087197864,-221198.8954556459,-170386.82882894005,0.6838171389182361,0.3705636945559623,-1.5685167982184438
22,1.98847e38,-563677.4147299202,-46153.154914507395,418717.38295466074,1.6154532600026217,3.377888638343636,-1.5095115265691328
23,1.98847e38,-512450.768421902,-191656.65769183842,21517.729808148895,2.591604746551683,2.7894636981582988,1.6455532028852549
24,1.98847e38,-604889.5649390353,-9685.668858951743,101047.48681482593,6.205519739534859,-0.5894283303470065,2.5537692947126835
25,1.98847e38,-524352.2409837339,-42000.3357114229,-42435.36229870082,4.011715141770738,1.956928129062364,-4.480790925923435
26,1.98847e38,-656647.5419942773,-216325.8183199793,35714.03073492721,2.7104094941893986,1.7672884496235042,4.287697743558418
27,1.98847e38,-476758.78846080444,-257523.93106890545,-38403.804282985046,6.04081145145619,2.0407652989017073,5.900828431994523
28,1.98847e38,-435097.8544988396,172443.76251476572,-135656.22464563898,5.459498593840077,0.5410667569241235,-0.4448565878078856
29,1.98847e38,-660684.0092958022,-187676.16928373036,108870.19735627306,-1.3091287983133437,-2.922178532665393,1.8153104541415592
30,1.98847e38,-1.21016552768385e6,79529.2469762924,207875.19743336062,1.6079432422307203,3.126182205251784,-1.7027407185939587
31,1.98847e38,-428475.38095568854,-195821.10995998018,130859.67070825811,7.016011527852384,0.8452681647226157,-2.2142648427139564
32,1.98847e38,-677601.8598607405,-598256.4215691778,1.5120513095602624e6,2.198749629640629,0.9178062815477971,1.1734012905115119
33,1.98847e38,-555020.3647533334,-189856.16537424774,-264364.06392046844,5.92876252426503,-3.528289921986308,-0.9478807124156755
34,1.98847e38,-662008.7278589905,-253612.45176278835,170787.61676507696,0.7176468208762152,-2.031775962435396,-1.563546161078217
35,1.98847e38,-1.0222727600652382e6,-330944.4775875396,-216042.27051264173,0.1416000426871551,0.7027471098081504,-1.3112257115236372
36,1.98847e38,-563713.3456035139,-171001.89685370988,-109687.4206475683,1.0445050760997796,0.14679213962191487,3.7638558746168935
37,1.98847e38,-577936.6368197172,-187700.0127051009,72925.53140968097,0.0001955590364390858,2.5880034452040137,4.337925278949319
38,1.98847e38,102207.22021273384,-335705.2948129766,-220944.06498227597,4.324965032970983,-1.9768721132763696,-1.320418393497758
39,1.98847e38,-661460.5132104626,-225403.91186223715,-19073.182790730953,3.1122309228153444,-1.6059210579643084,1.0350870690831802
40,1.98847e38,-452386.33407277276,-70417.1833013967,202502.88715665834,-1.3130789857314364,-1.4859572527972154,-2.6737265504661183
41,1.98847e38,-542142.659456942,-309719.02759807406,-51575.68005861633,2.316372674329439,-0.9289058201466538,-2.4741081126421003
42,1.98847e38,-794931.2128786684,-408125.74268725875,-87770.60090383873,2.5290237350491838,2.538426188293321,-0.3490616499104693
43,1.98847e38,-631928.4766381002,-266922.3185619014,281233.13061311736,6.095380053078686,-0.7149209432002926,-0.5684757334436841
44,1.98847e38,-696142.8561094608,-214643.64014675183,10907.297415465178,3.3929543860078,-2.650531378640658,0.8174494562506697
45,1.98847e38,-779228.4178516772,-169635.32934181413,79618.72570885265,5.085594616797529,-1.3749791565838343,2.688694285231846
46,1.98847e38,160189.35595020093,-532841.1850146024,180216.4864413648,2.6064715729795433,-0.14454452569541415,-2.167063938143785
47,1.98847e38,-473519.1591012986,-179812.74037420473,-37891.1827353085,0.24178159311579295,1.2442367840708097,1.4013005512698689
48,1.98847e38,-743492.9844706963,-166464.43652868812,53338.016955357045,2.1659414519933677,-0.4364628124629309,-0.959432063174555
49,1.98847e38,-494859.2823264794,-95849.1119275747,177339.3981931648,0.3834739911819329,4.494984759038271,-2.579129697044008
50,1.98847e38,-800415.234061279,-213662.6259155518,-209772.4066726232,1.1079872323725761,0.48444542696461557,-2.8720652752020683
51,1.98847e38,-779669.6067643599,-254933.58062971028,-430330.10487312864,5.25572707237412,-2.154361635442644,1.0637320179736645
52,1.98847e38,-493260.7385527035,-281804.5914147512,-62193.692814351205,-1.408433893931988,2.3498146678992815,-3.350166935299542
53,1.98847e38,-580480.0041949153,-123252.24045779053,-184262.8022688724,-0.0026978179234382615,-3.3659917572400078,2.527861273813649
54,1.98847e38,-601405.147635816,-196999.85942837896,-20557.605927502707,-0.06534511182638081,-4.1725805476764855,-0.988147562535723
55,1.98847e38,-619920.13944655,-103031.4742217512,-211411.83468299164,0.2850655199644674,3.3488007072623507,-4.55904433523192
56,1.98847e38,-652873.6450842527,-344810.78329286166,40414.30103707276,4.2203103189428415,-6.512935452896117,3.415515274333902
57,1.98847e38,-850784.2741896234,-238438.16971021442,220599.6629618777,4.82169169954561,-6.881053506138145,1.0389870074870478
58,1.98847e38,-636136.3912470115,-21832.307284937866,168475.94505298938,-3.936669600498843,-4.731875202008813,-1.5738767226159889
59,1.98847e38,-719188.1342555676,-177314.9493567563,31993.723621528137,7.795111960042398,-1.499390653105088,0.49627852611609263
60,1.98847e38,-611283.5645995957,-226044.20026683892,87705.87881353659,3.839612090589419,2.3641917334963396,-0.73741280524869
61,1.98847e38,-605754.4453244432,-28922.940683332854,88276.14850910842,5.032783619962433,-0.6942301538114701,2.928660961343109
62,1.98847e38,-801736.2168253502,-84863.88354978999,-90110.23102749439,6.20631845871518,0.511990403258746,5.4594957696943
63,1.98847e38,-633000.5692201832,-467543.1673001996,123050.81373297078,-0.35304323272942595,-3.4312275767940035,-0.09887208518438373
64,1.98847e38,33699.38320461707,208239.76368538215,281517.99418220035,3.4756420500648146,3.057406304506267,1.4677228359073835
65,1.98847e38,-674881.6864331585,-25577.16196494321,-2438.864700135647,6.178917139816726,1.3574228442734848,0.2347286271344642
66,1.98847e38,-534050.7874981549,-361779.6502253377,-110435.92434040715,5.8689738755173835,2.292422399750661,0.9824528382725789
67,1.98847e38,-588265.9152342067,-61902.585860187246,-213664.80389460857,3.4264428830584843,0.47151953896552373,6.083242264939396
68,1.98847e38,-461617.6285580522,-586940.0135666183,118143.95151993509,4.830657048136763,2.0709926874930256,2.2793515740657533
69,1.98847e38,-502646.0382829806,41024.12064236327,-503023.08777413814,2.961271440329617,-2.7272002842251553,-1.9035971242801253
70,1.98847e38,-543390.0139244265,-150753.33760879672,-30831.51490036421,1.3247616746522697,8.751005409474455,-1.899998311686103
71,1.98847e38,-758453.887359609,-428600.35813265754,-6099.083506170994,0.28097536205542006,1.4507584544559806,1.6917828107446828
72,1.98847e38,-439878.974362271,74625.5720597716,-83462.06824464003,2.9748835244686997,-5.418154274230168,1.4093333010827287
73,1.98847e38,-627586.079748061,-280241.97497626254,-144596.8844617787,-1.370420319158653,-3.026980410244781,-0.05679251369215585
74,1.98847e38,-756457.4868506661,-181184.06725511793,-108474.45152598548,-1.0694426738521896,-1.9010832200817236,-7.27577243000867
75,1.98847e38,-955647.5479094252,729828.1797870586,-552330.8578584746,3.1205206066999187,2.1024924518664694,3.24907250234362
76,1.98847e38,-370471.74066738284,-30996.233180570547,-178789.19234143852,5.44091901458099,0.6974404471949645,1.9926961280068483
77,1.98847e38,-570956.3755150202,-120599.24692711464,114818.65449382194,8.498586881899694,1.1754325811469426,-3.8590123263918064
78,1.98847e38,-211347.7854745887,-232938.90271314274,-451255.9829317864,1.945685811763128,-1.1132969078527026,-2.1268744448093906
79,1.98847e38,-359892.9923835113,-200137.3921420992,78658.12094459188,3.6710754272969695,1.1266140062157537,-2.763331367138481
80,1.98847e38,-6.848023379864286e6,1.1278276881753511e6,-2.2241245649169222e6,2.852773032947978,0.14945447693685027,-0.5798638408073646
81,1.98847e38,-762939.042132171,-212702.5830770383,-118267.1584810401,3.860004725928192,-1.6768191238662133,-2.720518672246018
82,1.98847e38,-796353.1987944093,996889.4003874965,467049.796472873,1.8085014413910554,-0.09995317199172159,-1.261208178321529
83,1.98847e38,-528365.3620600952,115146.9793468772,109952.6489532996,4.145590469688271,3.1336408632613018,-0.04152367215161471
84,1.98847e38,-671292.0700555443,-260718.90762124144,-37511.26356253645,-0.39473801221512694,0.7589757715241374,4.600436064404213
85,1.98847e38,43587.07205600629,320393.1817024994,-126483.32048062504,5.6269820126427845,-0.9399861783188632,-0.36845146067003287
86,1.98847e38,-734915.1989747067,-64659.13072420872,-80180.39363208509,-0.384520607623291,2.676069968357689,-1.547094564175348
87,1.98847e38,40257.74087861553,-1.2008491822836923e6,-699832.6560572068,3.111981133669889,-0.9529884722892519,1.6725048312570545
88,1.98847e38,-1.3000733144048965e6,186821.0706732151,-117014.68545651248,2.6559416394268296,2.0557805401664013,0.9303172120367613
89,1.98847e38,-597840.1754798961,-383414.23908927705,320257.204503897,5.432993355046893,3.546826713995521,0.6946147585209536
90,1.98847e38,-564000.5681312378,84602.99188998507,117323.57170212906,2.861485173010731,1.6964944952977146,-0.4575691677719567
91,1.98847e38,-630089.2402266716,-83991.4139032665,-95499.82715535614,4.058642437048115,0.5479478180355725,1.8690478688427021
92,1.98847e38,-554062.6135315042,41463.91699887227,-239432.22279950813,-0.17993164457165767,-2.166901777552045,-3.0338650751270344
93,1.98847e38,-386982.54812433594,-155700.6313946728,87805.17367356131,-0.3835093372093654,1.373731928656377,2.923259233605825
94,1.98847e38,-626769.1804360484,-124729.68047692053,250482.48441772137,2.557412861129978,-7.036032095953223,-2.2976817086381676
95,1.98847e38,-466301.04367763695,-315694.2523413574,177004.27391738034,3.376713822622049,-3.346814773576272,5.001436300452934
96,1.98847e38,-813888.0491956384,-57805.86293335499,-255314.76725228003,-0.442744670168322,1.2547260608826971,3.5679257636821986
97,1.98847e38,-502597.7464689419,-19851.273077912367,72268.64477313482,-1.1172221909321598,2.3781618050166498,0.5932587638263568
98,1.98847e38,-577779.1326184447,-152041.29070820395,130402.31580555027,3.983284195474992,-0.5963465904897759,-0.3038543658864815
99,1.98847e38,-435763.6804490393,-180026.96155032006,-10309.611895925722,2.771806064334172,-3.4976210045118377,1.9511685131745267
100,1.98847e38,-767634.1038844906,44077.06039096607,-2259.7447805397414,2.791580166025544,1.4071346287306912,-0.6957092239176623
101,1.98847e38,-624144.5769895024,-165474.2368860114,25012.561620000695,6.223266734766556,2.77126907012472,5.087568298400273
102,1.98847e38,-737025.7205474364,-156975.5842567767,-157770.24979810673,1.9485659742927393,6.496162213675852,-1.0475219590157476
103,1.98847e38,-680901.2518621256,-361004.00645317824,-303704.4460350327,5.063632077608679,-0.46675530567076007,-3.7921376944311636
104,1.98847e38,-539575.0739495223,109863.19083225742,-428592.2961961759,1.1129363529969623,-0.7460885500169613,2.1721863735277678
105,1.98847e38,-559486.9059902729,716054.7384752472,-120566.35111384648,3.3986517669716925,0.756365598511718,-0.5287311796477399
106,1.98847e38,-553478.645721258,-201813.0383898414,-71772.34432811067,-1.3275856514704154,-0.6429746969358848,-1.4725455398214253
107,1.98847e38,-776056.7596135599,-522050.277613817,178983.63015630774,-1.1125222053904684,1.8421165117099914,-2.0948585320838404
108,1.98847e38,-917143.2444545291,-215386.07020716785,-183091.51338941802,1.7694993363163893,1.299428102302508,-2.0867903816782665
109,1.98847e38,-585369.9898316105,-275977.00715961226,-158500.27526418382,7.784318336356839,-0.648530495760273,1.2291430505916034
110,1.98847e38,-744457.7450664993,-218369.79499035713,104060.34754851178,1.8176232865155688,1.4954053367357616,2.2819823718307863
111,1.98847e38,-577685.0314969412,-243559.528751189,-76920.97117658473,1.6098352245615137,-2.349350576187514,6.7181851847142005
112,1.98847e38,-162364.08535099437,209424.90745781123,167936.8465205231,0.8186155554289547,0.9929993980680211,-1.8642809415836554
113,1.98847e38,-960964.9001546339,13470.388010812196,77046.3004684168,1.5401516789481033,0.9546750124608916,-4.888878688606411
114,1.98847e38,-329684.0009067199,247380.39646846685,-3340.442638961149,5.140440898607469,0.6409110392729714,0.0483319947778453
115,1.98847e38,-738413.4399111092,-127776.02452654522,68542.92998851155,3.4156940638852356,-3.286008255061437,2.363760102056858
116,1.98847e38,-724983.7560742022,-286679.76252530486,68649.21826199323,4.2307637605128505,6.578482705838274,-2.4189963146486235
117,1.98847e38,-595476.526755722,-64539.334725480105,97921.86471664261,7.099069111373432,-4.152153978070106,5.524942914978878
118,1.98847e38,-616905.0628177437,-426376.4025034426,-42468.51252649634,-0.24279057751884636,-3.0416987022131057,1.8327490751954927
119,1.98847e38,-811644.8090447071,-482226.8392799291,-72425.87863985378,0.11795476730130705,-1.9398758845281752,2.8427972080437125
120,1.98847e38,-669328.2858533018,-127701.23399874289,197223.8745990907,0.9243292401995133,-1.150229246965872,-1.2762904875043077
121,1.98847e38,-658378.3142389291,-156564.7360093731,-599363.8852158096,0.9801549651553851,-0.601464364787974,0.28767228287845137
122,1.98847e38,-456565.3256193273,-217750.56155418308,8199.009886776843,-2.1459273101060017,2.4808726762517748,-1.7922063154104606
123,1.98847e38,-494089.0017014049,-62120.32109854944,-25334.951004843104,-4.267508476143048,-0.49009631414101545,-1.95947592256805
124,1.98847e38,-390436.12123444746,29260.092524141422,-316480.47858920234,1.5401000048652356,-3.561080941271273,-0.6382299273925623
125,1.98847e38,-376189.5400983783,-66315.50385651817,74812.94766478066,3.1132206377883143,-1.60209118468832,1.7865387054286663
126,1.98847e38,-484161.8947246303,-183976.65479294755,173557.37555391635,5.1657282412458,-2.5533001363242183,1.8275156404541315
127,1.98847e38,-580016.0071050096,-511707.8923894305,100252.25799122413,1.4486487852224172,1.8087956533479148,-1.8189969483062056
128,1.98847e38,-587262.8255643884,-82226.09268084694,-8650.983369038793,2.290887978507809,7.636134976935519,1.0363400546494284
129,1.98847e38,-142718.2623878994,-76191.20754523392,9927.478180032458,-0.8656717690493241,0.1492753412039199,-0.052444423332800354
130,1.98847e38,-525350.8453380704,-239915.5538648788,-81423.24386320064,0.7235070083081738,1.7387065709898581,6.85348387107221
131,1.98847e38,-777930.1114259029,424524.6586704999,330025.86957982194,1.6679911743221605,2.036325270495095,-0.3779213956028496
132,1.98847e38,-525691.5508243503,59423.66484666217,-109719.09109785469,3.799950971937334,3.4343299734550077,-0.23689569119589352
133,1.98847e38,-472555.2700925072,-109250.98446006096,-73018.33742544563,4.569386285671674,-1.7059661675590232,3.6912103095939184
134,1.98847e38,-1.0558446989758883e6,-194399.73398691037,494455.3764643715,1.706602616651029,-2.0912572097472224,-0.504671909175196
135,1.98847e38,-217939.1787688756,27118.276798682753,84192.972355462,2.968991980961209,1.1812814343783469,2.9285086300554477
136,1.98847e38,-554337.3241999185,-108836.89408518572,6037.929557887654,4.296014761280769,3.367186953212095,-1.4784587202236017
137,1.98847e38,-658129.3399313845,-162135.64447018906,153712.72605508126,0.7631486187547252,1.881750635980308,-2.0674727995787596
138,1.98847e38,-454649.4001606083,-317999.5571271112,81231.32584894355,1.0301040965484642,-4.265460416491028,-0.18732445975660192
139,1.98847e38,-417518.75787687604,226342.18831807555,-290984.7249455802,2.5103544526730217,-0.6098924658585789,2.390158254465826
140,1.98847e38,-540060.0478398387,51704.325088381214,-91560.81817840332,7.918449346008841,3.4428323432162786,0.12135806131778643
141,1.98847e38,-819271.7218254854,-307436.571870985,-116798.20773207616,3.801130640724499,-0.9456600972400777,-1.1925005099168149
142,1.98847e38,-574335.5017375584,876.5825610132597,-95363.43136623605,-1.8220168767614844,-1.8648909630590715,-0.015464386317934935
143,1.98847e38,-609210.8030385523,-24419.943829690485,127009.54818933323,7.83533995430352,-0.18308787261695375,-1.8930712569596446
144,1.98847e38,-243733.8434185881,-131923.3005089081,427318.76127086586,-0.6589292990999622,-2.4974719639775915,0.4575885247911217
145,1.98847e38,-159343.68645711767,-544989.7562519675,462400.9601447579,5.387910968693261,1.2831747482507392,0.9317436863174641
146,1.98847e38,-591824.8812384765,-134415.35645686943,-12247.64333410847,-4.016510006370619,0.35810660991575827,-1.7693157906443375
147,1.98847e38,-840167.8215753868,-73487.10225601595,321572.15542155766,1.2222543958698984,-3.29805999101047,-0.10566296670427952
148,1.98847e38,-698922.3610603403,74341.69316540775,116894.91790219878,6.423290432311269,-1.7643200482712855,-3.386917225675841
149,1.98847e38,-632197.4242331889,2718.1212607094494,-162515.12947603659,0.763822326913723,3.6505865421330674,-0.6655244894192259
150,1.98847e38,-663248.3884356031,-670026.7989170928,-135964.3518687693,2.2639158978148304,4.159279167072955,1.9294593287533581
151,1.98847e38,-641423.5529351037,-229333.3866014469,131773.4365851748,3.920352832227681,0.9910979523574518,-8.146546809508974
152,1.98847e38,-654882.1412769421,-277144.48166222876,73562.65721026224,0.5331813323041319,0.19117607363009087,-2.2765948161897653
153,1.98847e38,-292095.17868752894,-653574.0603662644,-366487.41531109624,4.107260514282055,-4.315124298159371,-0.9981077521287073
154,1.98847e38,-708367.9088634069,-305348.5286951774,8975.406221932482,0.1223211784957412,-3.111891294254516,-5.214208648313496
155,1.98847e38,-541402.4237610787,-404811.68939700804,-71295.46369403908,2.483659267872639,0.6071123838200192,0.6144870241346672
156,1.98847e38,-216547.57120565767,165843.732576744,-27899.919516934733,3.159331034700022,-1.194832193097566,1.8170295173540076
157,1.98847e38,-711594.4001414499,-12790.589123027661,-161601.8672928758,5.176036879548662,1.4732497507271824,-1.7546664573754895
158,1.98847e38,-762510.5556762847,-55668.753177195875,-39066.65590188103,3.1523244952017593,0.9052223921746356,0.5718244806678743
159,1.98847e38,-873749.9002817996,-276662.6869366879,-219946.36569484923,2.6856094777552926,-1.1108935312208936,-2.0311371216097966
160,1.98847e38,-536993.3466286829,-379921.2762240742,199326.42872745162,3.1677842594407384,-1.498888897255941,1.9497264948840882
161,1.98847e38,-647638.0434585707,-70520.43950256518,-33431.957208631466,-0.549301534096347,-1.1345793950318994,2.4272569199387153
162,1.98847e38,-891907.2675000853,-30070.777927720163,422407.5414200745,-0.46962503224230057,0.320517473968359,1.3272281318318464
163,1.98847e38,-561949.3515004235,26301.48025039301,-193632.7428952938,-0.30407039390870994,-0.24694298168879486,-0.8673890289592667
164,1.98847e38,-226196.55554362474,-34040.29591882878,-131639.2682506458,1.5150133000744834,-4.19999966987813,-2.385984200170668
165,1.98847e38,-674486.194122274,78568.49661479131,31455.513702995053,7.655584924659385,3.3236631545986217,1.4801881462915818
166,1.98847e38,-109856.45035352488,-690069.6053495607,-301228.65756049316,1.0579349103553433,-0.5378755324048602,1.3499502270625512
167,1.98847e38,-432790.9699448416,-313388.1668167829,-497669.4848777054,-0.1355976443011051,-0.54797015393895,-1.2538247651194663
168,1.98847e38,-582422.7305211086,-295316.37165019085,-198696.46519785267,1.9333765441587882,-2.90148111480029,-4.4479513242770565
169,1.98847e38,-442827.1848595698,-122129.43756577124,-57484.88233415222,7.9215784994238145,0.5853483509483401,-5.354081452466578
170,1.98847e38,-266936.39213576127,-348537.5359190037,-7263.896712276253,2.8727912692247863,2.8369527730970923,-0.8570794859352099
171,1.98847e38,-564548.4780903184,230798.25328405557,-87404.33662954913,-0.08947215051808044,0.6210610261640664,-3.145126311690445
172,1.98847e38,-551670.5634674715,-74356.27181843296,-136440.90366472868,-4.993992472603056,0.017245424740228568,-2.663676823516921
173,1.98847e38,-860202.4828709434,605057.7637843004,77946.75546283828,1.4853289872064146,-2.9591251510427625,3.1286480760980946
174,1.98847e38,-642608.0202969692,-201896.96115459732,-22992.33976096019,1.0938093098617911,-0.4220071680703143,-1.659887678700235
175,1.98847e38,-603101.7481788824,192327.09280672652,95220.66619015145,1.9580989946040033,-0.9740737341380538,0.3644586470620514
176,1.98847e38,-673282.2505373387,-16672.10182518323,-1009.2179682338426,-1.9261708003113487,-4.7620514742601765,-0.9456798480869532
177,1.98847e38,-472401.561175675,315941.10972981533,-194779.5897440504,3.2725865446293647,-1.4244898168497073,-1.1534576939113506
178,1.98847e38,-631905.0161945821,-324831.4009817114,34475.272613574925,-2.070632527247369,-0.21577113959051128,1.5405999352095414
179,1.98847e38,-648477.2983638383,3403.0186003341514,117980.56270306474,5.155763547654832,0.43084025947740767,0.20835413987985404
180,1.98847e38,-1.164706315470961e6,59664.67730268568,-597421.9914381978,3.758324225573146,1.4228519426138664,-2.219466179280738
181,1.98847e38,-529393.9696561851,-373558.5341627229,-34702.05323678124,3.9841882638480275,1.702912180054015,2.2285099885679434
182,1.98847e38,-115808.62145700573,-300149.26418963796,-136200.29064534465,3.0045224599197256,3.667409358802593,-1.752985743322283
183,1.98847e38,-721001.5809302845,-62076.862266419615,17385.526370869866,6.68446903257278,-1.0380211250633786,-4.816934902602285
184,1.98847e38,-698529.3196635249,301835.9495477748,253987.77935332287,0.5656028794603696,3.444506210774311,0.02372782853473349
185,1.98847e38,-659871.5158088551,-144834.66116788978,102223.96155280406,4.981466468827284,-4.265424601993862,-4.708685701689973
186,1.98847e38,-554881.6230110081,-144813.22946059104,-71003.49221284852,0.4512691503221449,-1.2531247122929694,1.2474740111212161
187,1.98847e38,-1.1219408954443494e6,-196245.11168774532,-86346.8745100994,4.112752999143098,0.7427609740964203,4.184413136176572
188,1.98847e38,-495040.478866259,-336292.05454204755,205054.10230696292,2.5697260083958557,-3.6676389120314212,-0.4755464938348909
189,1.98847e38,-333358.69664762006,-107388.41046883013,132247.88363942734,3.5334849128633787,-1.3783481016435568,-1.5194297409648732
190,1.98847e38,-430106.08202091616,-275553.57126753725,131282.60339470848,-0.9076120235191301,-1.141963455285824,1.6699310365245659
191,1.98847e38,-539817.5691991023,-57818.86693978388,-39684.031617013956,-0.157771449893076,-1.7305037921064284,-4.280715296326944
192,1.98847e38,-857080.8337870135,-70355.56582419347,2256.51895622337,3.995778199533045,3.0120224033795115,0.10182995325291941
193,1.98847e38,-360249.18639848696,94499.85518430348,-3082.3707539990623,2.7144572624798893,-1.1409343418874254,0.6012641421809172
194,1.98847e38,-567049.2421124334,-53943.193621084836,18082.109383751518,8.456907321369414,-1.7978619774902984,-0.9995231549996607
195,1.98847e38,-335465.93957849295,-57149.950291161455,149251.34296033418,1.8058943413013955,-2.1056280864573282,-0.8334607472916582
196,1.98847e38,-431439.58909580985,-15849.49401844322,-190316.77846273672,4.801538767032982,3.1902551215419566,-0.38923628465519294
197,1.98847e38,-727236.0749283942,-328653.6096750566,-48588.70683163535,2.826794657772763,-4.936967582633434,-5.0513245781807115
198,1.98847e38,-538482.4690480314,-308599.1315490041,48195.23973358348,2.1366481070380727,1.5704576178081298,5.224771655629974
199,1.98847e38,-719481.1013134219,-379618.8742805954,-189161.9939188177,4.472269147137828,-3.2099561925339426,-1.0155138209987924
200,1.98847e38,-482704.7550383874,-169676.5382286308,-155776.82363979908,-3.4481805220408015,-1.756410598825399,0.8582921107763822
201,1.98847e38,464957.91557875276,548389.2167774955,305367.40384701436,3.0250424759827075,0.0015527323636842013,-1.0196239775594027
202,1.98847e38,-969956.469827797,-70614.47061172599,293523.7897789299,5.518278437975902,-1.1586583882917372,-0.16540014134857967
203,1.98847e38,-605969.7603943861,-104448.26200834234,123392.08085405189,7.774903517168597,2.965068504756808,3.22444436489524
204,1.98847e38,-552459.9113979454,-48024.81337669182,17881.775889984998,3.245434406426424,1.928624764832457,0.6197729942657871
205,1.98847e38,170131.10535091942,-207648.53925966003,1.6441763519472335e6,0.7424409154090528,1.5673199109178977,-0.4899315974359118
206,1.98847e38,-1.1851845575954025e6,3552.557932929223,-328413.006520274,3.2178449464163976,3.2737607287519896,0.714837931557709
207,1.98847e38,-569600.3530028429,118348.74667134217,382339.8790837601,-1.0692930722461411,0.148938652255721,-3.340726838457587
208,1.98847e38,-256118.82291665126,135327.9413304099,102838.03542019673,2.2109755431374594,-1.085996398780893,-3.6492763107458748
209,1.98847e38,-680382.2685687643,249809.28535026644,-289617.5099599639,1.3100884967360715,-0.7708263891199332,1.3180993123459257
210,1.98847e38,-551503.4578901883,-87145.05757209302,-121917.4013345919,6.468948342105093,1.1965951062648252,1.1303910634273786
211,1.98847e38,-573465.070158377,80908.03824688937,-52586.67258186848,1.0366079789567761,-1.3912647735442847,3.800678766298093
212,1.98847e38,-472041.56010555313,-252049.0550652692,329017.7213455843,3.860127647566885,3.895911070618589,1.323680585031128
213,1.98847e38,-636757.7052644829,-69179.648994664,223868.82484566097,-2.284975010924841,-1.1441768396276357,-3.1017979183499236
214,1.98847e38,-708085.0860997797,-165770.58498611307,-355145.2769107895,-0.7966541173872863,2.7893320552231007,1.215297079729192
215,1.98847e38,-778316.445092296,-231626.5369532109,-9485.7413964751,8.962123638324865,-0.9775505883120089,0.3222073411729714
216,1.98847e38,-445904.6585725843,55780.200696908956,-80687.2332583617,-0.2653749097674387,-1.712066736800674,-1.2198138609065179
217,1.98847e38,-685825.3914622597,110045.03185429936,-17128.984026273327,-0.7183525937722632,5.5705559869769035,-3.0743091024894196
218,1.98847e38,-631342.1451819903,-110469.03425333626,-71626.14749385424,4.484287833301648,-2.7763477417762923,1.6674886365751527
219,1.98847e38,-601564.6225720507,-534045.8981097839,-163561.5784911827,4.9331742378969,3.350382627198686,3.254636748594795
220,1.98847e38,-602522.3135408431,-106443.23596863332,130273.2789609144,6.966947992297964,0.25252621897364724,-0.7960339267963012
221,1.98847e38,-268118.4472600051,216290.38799328153,246295.39641680772,5.587747635951946,1.6910602765319631,-1.9278150334923385
222,1.98847e38,-658011.3548344083,-184596.45678676403,48313.891529621236,-4.152617229242049,-1.0788115519611268,4.485883063226711
223,1.98847e38,-576605.5205721806,-289477.89428873477,-22010.565887674256,3.714538575704559,1.1575089797395635,5.054201908822745
224,1.98847e38,-665298.645005565,-140393.59321020148,-107220.50270528805,3.3231513215046538,4.135097162981342,5.759389534077248
225,1.98847e38,-804032.6064559891,-217765.02621383674,-204184.02863952442,-1.2475510278037474,-1.1065540225133257,-2.03204271080105
226,1.98847e38,-508828.0280996845,-223859.6054477402,-144873.17845947985,0.9521577261832246,-4.028497103561952,1.7190220548189468
227,1.98847e38,-296331.3710765873,3239.7027166608605,-387626.9033268869,4.125668821773292,1.2606693157351119,-3.029165538120139
228,1.98847e38,-504526.2872260191,-376028.767674417,51887.705122036634,6.866713227553027,-2.9829771638304807,-1.586067469330292
229,1.98847e38,192501.35763472912,-22759.154800234537,-107835.46153220088,3.800182651691694,1.0094726126709983,-1.6270167972683223
230,1.98847e38,-605091.5904055276,-209337.104488042,-70320.35303666182,-2.451386486641727,-3.6166973983658943,6.705857597103817
231,1.98847e38,-678551.3280268786,-263665.9044600708,88385.7373361816,8.939716181989281,1.2288023870327647,2.050370601507947
232,1.98847e38,-686841.3180514798,-267961.18607317965,-140553.93183574558,3.783611306869645,0.5303295189156891,1.9938288371117405
233,1.98847e38,-514499.08072673524,-43739.030674747904,15502.506733722317,0.2777224565321288,-2.238407740534845,-1.1462646221209636
234,1.98847e38,-559422.680108735,149613.61925869627,78099.82712358939,0.10116444536036395,-1.6472193410875053,2.5475130193907494
235,1.98847e38,-563156.7710539368,-232997.18348506722,-134455.43219596145,-0.15440341138063252,-0.6942341997606452,3.051952336618121
236,1.98847e38,-773440.9377430606,-105646.00932140416,-40493.86448159418,0.25803743290093895,5.435962631556943,-0.026942373433256193
237,1.98847e38,-669313.0622663694,-230938.23463985586,-222155.8901718625,2.8556770757697167,0.20760168646206348,5.227205066344259
238,1.98847e38,-595267.2440036539,-91916.15735844799,212680.03817279908,3.8741081750002886,-2.8876444241484918,-0.4710895506560566
239,1.98847e38,-519915.0249529695,-116955.29429685307,81998.1599159308,3.9135651926382367,0.6563322214936997,0.5218764994332601
240,1.98847e38,-411335.18383568,189751.94916414015,181237.08031609765,6.181262169078908,2.4783497633913023,-0.5743664612479596
241,1.98847e38,-637597.1828861496,-103827.73485294756,193724.86900192904,1.3011999992895793,0.5129584085386744,-0.9844408488654101
242,1.98847e38,-566251.3720982235,-135488.9596671464,-110284.3969569796,7.454672570101231,4.071296879670695,0.16974704287667997
243,1.98847e38,-802948.9174263233,-185501.0827259222,7960.21687326928,0.09312409048690284,1.2458733107213624,3.1543408578186036
244,1.98847e38,-536565.8278697702,-147130.4694646753,98168.74669041333,5.946441751763491,-1.3679967941979068,-5.199801075846929
245,1.98847e38,-699135.2402057904,-141993.54716966176,-80695.37294129671,6.088393064230228,4.4201783377024855,-6.191438473913549
246,1.98847e38,-576287.3853538044,90402.35155948589,-5696.365480389183,3.297139750643672,-2.2526256670226674,3.111593985703773
247,1.98847e38,-665199.0809547795,-111871.90374197668,113829.10337499116,-1.726357787528113,1.7740915248224787,-1.8641641319548001
248,1.98847e38,-656466.5030414428,-113220.701707305,65210.178047434405,-0.5382696399147759,-1.9536420353643156,1.6411709954373224
249,1.98847e38,-735420.3652734794,-394287.25610788015,319804.9762967744,7.096601750847811,-0.4369142163590447,0.1725540686683524
250,1.98847e38,-670412.456271538,-351519.09876606194,-312233.41810619715,3.6404017002920344,-0.6705659164009997,-2.1375370650793415
251,1.98847e38,-816427.2370991139,331714.80279666325,-306499.25325869286,2.9921864335274004,1.8406703260525654,-0.35131806089060297
252,1.98847e38,-676213.8591936303,-14735.47293860474,22820.06522496717,3.3318032764355676,-0.8806717378545827,-2.124318334825128
253,1.98847e38,-394000.63193634734,-303902.68099512684,402329.13944523945,3.8506611895207308,-1.16962780277467,0.9542368739618107
254,1.98847e38,-288257.11002571584,-123042.18518208136,68857.30934257452,0.04886993923867511,2.225704714385445,1.7545990571529362
255,1.98847e38,-592453.9151861796,-113240.86768221331,2149.449927917804,1.828037337871801,3.7475511882494468,8.653576206627822
256,1.98847e38,-530583.7918676758,-214628.50667434087,63013.23106568997,0.5620895526488103,2.088240963694674,-1.6371117807220832
257,1.98847e38,-425638.5076690556,-552685.2275432316,-213199.42113048886,3.2078353633163212,-1.515536737291026,5.030433214230142
258,1.98847e38,-649482.9015820031,-280734.028041082,-19515.72034982495,4.907988644377554,4.2984268082659804,2.1854305072091424
259,1.98847e38,-572976.276462586,-183993.95546411793,-57624.8749133266,0.750171813974601,4.157476735185402,-4.058058931378638
260,1.98847e38,-640958.8420701022,-153915.33663093354,-4384.531790008333,4.741760819285538,-2.225647216850156,7.658066795472471
261,1.98847e38,-569546.383389933,-239395.87775586822,-60967.998396773706,1.3990022399734292,-1.0705504562482533,-3.8073350193730233
262,1.98847e38,-689859.1167722659,-288653.1766410602,151625.22368628866,3.197846522599132,-0.7739945511472698,-0.5601345106402896
263,1.98847e38,-519589.665047236,-175411.11022067,-5877.086561720968,4.793420791076417,2.8383461940656893,-0.3254516092217261
264,1.98847e38,-582199.5407829717,-98710.47385440551,118119.12148684115,0.3884098514817431,-3.3220502802133045,-1.4457701003056829
265,1.98847e38,-1.0604346302812225e6,-366514.90647591825,253136.63330982198,2.7148293943423805,2.4781427872861044,0.6163295209463833
266,1.98847e38,-735350.4943608254,249462.84953682346,-211607.35245647348,3.089451163875368,0.23623110216566032,1.3272017346983578
267,1.98847e38,-455431.1316612129,40452.480731751246,77810.54299797086,3.7563983086964536,1.7731862564196157,-2.2636932902046385
268,1.98847e38,-800074.7982424593,318610.40173766995,229103.51959692335,3.7864953671625043,-2.0790964139846517,1.0086776663706176
269,1.98847e38,-850704.0180021124,-606673.4815694438,201270.89362621948,1.9464607554042765,1.6137181354684038,2.767317375663346
270,1.98847e38,752511.784072723,-66243.7555293929,534917.8318727087,3.1260690460787237,-0.28364223032082364,0.06186469704185571
271,1.98847e38,-599332.063342559,-183625.4350780503,-134078.00106352926,0.44024411959234033,1.21750090151373,0.3587697071654401
272,1.98847e38,-619206.2700209765,-83709.88823483292,8283.862423120932,1.761602053472589,-3.5757324139734563,3.3615729626096744
273,1.98847e38,-802531.3598943917,-359805.5152491495,207.21375584890905,2.6809315475030133,-0.047979024706563955,-0.6144923134522222
274,1.98847e38,-512216.84179424884,-254539.36782295466,4219.8870522673915,1.922392299529857,-1.603005638813712,-8.29717965919531
275,1.98847e38,-667230.7285798815,-446579.7842948819,-283407.71099795727,1.6619762070592092,3.359922433163277,-1.7145024550007708
276,1.98847e38,-600257.4222542598,-190771.1978075691,35877.36226963701,1.2061828275926494,0.8413503135812314,2.955397518364998
277,1.98847e38,-583758.8404811765,-171848.73845394605,163501.23839427705,0.435398863020378,-2.706641259875522,1.0580713379062898
278,1.98847e38,-542799.8741595797,-163638.99887203064,111222.68677632943,-1.3405597778151281,0.754419381604937,-4.6447235546487216
279,1.98847e38,-536441.2889830259,-246109.9825650624,-90294.36275535355,1.3711041436226965,-3.176893862770654,-6.6637375835864745
280,1.98847e38,-516023.5525993481,208963.7531204627,237164.5680231691,-1.5605599520773117,1.4434191091697033,2.5385575778712997
281,1.98847e38,-47330.28119757667,-297966.9165966584,145715.96373228726,0.3043603248703266,-0.866328861807333,1.0713481985219004
282,1.98847e38,-380207.26739694155,-197744.65803008465,202246.94555226914,4.137161466761422,4.437466906411591,-2.624178099790204
283,1.98847e38,-567653.9082095221,-523866.8558808401,-117468.09449394215,1.095902655261352,-0.23658769972605964,-3.0987167568642384
284,1.98847e38,-770296.059539574,-183748.7948108635,100670.61902020752,4.162610853553915,1.2778729308643226,3.9152568896742186
285,1.98847e38,-791514.4767436354,-212842.8340459854,-39094.81586568346,0.04678479356353771,1.2082456951777705,3.4848277411286315
286,1.98847e38,-793562.5700522382,-524345.1048697409,-207642.6737159149,2.7517199536941517,3.9399360199942195,-1.2600003564827986
287,1.98847e38,-664777.0016296565,-107742.70684435932,-308109.3864475067,-1.7582452578462222,-4.069945429906429,-3.78093206340975
288,1.98847e38,-705272.0148043302,-58760.98394479073,28665.55636475847,4.418128133743951,5.321846741897907,-0.7204826773605044
289,1.98847e38,-2.401994737172316e6,-1.7075648903483066e6,-1.7698446144227507e6,2.8563503203930978,0.6219527028079098,-0.5686385443544174
290,1.98847e38,-839946.6865373399,-52418.81702238046,-82833.45577720167,3.2404825862082705,3.075696365233077,3.7991402158953327
291,1.98847e38,-310131.8661139493,-315903.2957699031,198219.18246954886,0.9542068921130837,1.0036209339869473,-5.437264611339996
292,1.98847e38,-500684.43077027804,-151577.4335997025,52802.98187370445,7.814106201813041,4.340516899605495,3.7563006655484044
293,1.98847e38,-733914.945450642,-157188.14542371314,-173181.50751137306,-2.764375227216145,1.2686104705070724,-0.558457003262887
294,1.98847e38,-576757.2520085142,-113217.0818005101,-95849.87847976423,-1.5399168172659383,-0.22841726370564483,6.942672668599912
295,1.98847e38,-814596.6101317195,-159229.92052981953,-92738.38371410918,-0.16201934043821842,-1.575421200827913,-5.833629402239847
296,1.98847e38,-594496.1707834374,-17009.25955434743,975.1581523955455,6.093048000952123,-6.649585078037204,-2.999935637874071
297,1.98847e38,-763797.8506961016,-47939.0984881247,181252.0412968924,-1.5849065097540525,0.05066168633799927,2.554011861260852
298,1.98847e38,-891794.6171735404,-144885.68606048802,114426.45899861793,0.47965695747237724,-2.620432126706321,1.1230501762745295
299,1.98847e38,-762852.4930613991,-11256.811276787921,65181.92393019328,0.7821400172082849,1.3510369969119294,0.4068279149443241
300,1.98847e38,-828793.833731567,-141717.21455809474,135544.54909856204,5.6802161509845455,2.0662490917513825,0.5736449951772195
301,1.98847e38,-389798.00635570555,-14629.523842640861,-10469.208989104045,6.237027049312848,-3.1364338120316173,-0.8091190393088609
302,1.98847e38,-558376.7056242038,-216511.39391179272,8806.340466303212,5.881857128370024,-3.2943876083640804,0.45509189628748487
303,1.98847e38,-522267.3598922459,-263310.2074772846,-134178.0301646158,7.594317575303057,-0.37780517930077795,-3.2832691681283497
304,1.98847e38,-501578.4211657656,-279784.3101038544,45270.2063408082,4.037314608645165,-1.1524846952845273,-5.293384768276846
305,1.98847e38,-566033.5902436044,-21589.133238872615,71556.8160259536,4.539273367805412,6.976018102964715,-0.6019273356599875
306,1.98847e38,-722252.7664711442,-111712.0878254235,168212.56870950127,1.6352125187141233,-5.214068293145422,-2.902730190153728
307,1.98847e38,-392361.10671791004,-64124.767078145014,-154472.1909605352,5.509590602949482,2.5955483219769535,0.8300844658791008
308,1.98847e38,-537060.6991284706,-42184.9491834252,-40839.95609110945,-2.6917490220797786,3.367848664496727,4.452693346393207
309,1.98847e38,-531071.3520679398,-115551.93419044936,-79330.60144293438,-2.7465250207529763,1.1456481806704721,1.4997458572656446
310,1.98847e38,-835518.5172267129,-164690.06580345408,-44019.976042181144,2.1280042799234486,-1.4225115543182834,2.958576257125918
311,1.98847e38,-525235.2827485491,24187.680987642,-154587.1259584197,2.63699777477734,-1.0014965878099567,-0.7682479950213473
312,1.98847e38,-588909.9224511586,-41446.60576223915,-46043.772478805935,-0.7727986281622736,2.3591552037327697,-4.273052540584839
313,1.98847e38,-470401.41117208474,-27181.390559718435,28831.63408189926,1.4361146908207678,2.1487555533502083,4.3115830166372
314,1.98847e38,-692106.0590239933,-156785.8067219589,-59485.48810461084,3.713943334851871,-3.109647025267871,-1.5356442782579698
315,1.98847e38,-1.1691685042406612e6,-255092.74456488603,-125531.99552027296,1.16776971539301,4.363279663400464,-0.8611116861241384
316,1.98847e38,-688018.6621040786,-2311.2864437301178,-103464.03509392144,-4.903280074401268,-0.8865637905834506,-3.4571885000137472
317,1.98847e38,-232662.90670574078,152898.40700352058,-156418.78007483055,4.08768635220826,-0.7492471883113463,1.3343907358701437
318,1.98847e38,-576155.9624986099,-228809.29485315227,145245.48527176178,-0.16903201151654068,-1.0199495987906784,3.2212139099262878
319,1.98847e38,-666302.7312151149,119079.29092129425,-13166.62857348677,2.8815680266773125,-5.449550378442135,-1.5951377368433444
320,1.98847e38,-562865.027636596,218878.37384279602,9602.387625173566,3.1869064333130046,-2.134237133668174,0.8455576380212552
321,1.98847e38,-595740.3045456395,-180479.57440254127,25556.999325100925,3.1269896571619022,0.5180356434438319,-7.994611582454941
322,1.98847e38,-589379.61722106,-265479.24201155145,207875.56835668642,6.066391961076307,2.066695874813228,-3.167155408172679
323,1.98847e38,-635120.8905316498,-735090.6733211135,153914.9608105108,5.934749757186368,-1.895505332688322,1.3594015780509072
324,1.98847e38,-838641.2044561312,-508081.27459550905,117495.30501024993,4.868070453704631,-1.5094824761879084,-0.6193138359130989
325,1.98847e38,-490992.21763223293,-336887.23590450286,64643.122224984894,7.597580027752103,-1.0239425543652176,0.23511489949584763
326,1.98847e38,-511614.9397776218,75286.53206009648,72088.54209391173,6.048958403434204,2.2952760670966432,1.803305247021807
327,1.98847e38,-1.2385043538830464e6,-386712.1203463215,179457.95744133813,-1.0645982377481915,-1.0901964500686758,-2.1359438972039837
328,1.98847e38,-277958.57055070455,-407311.1874780745,749742.6667639711,6.086147943674684,-0.34633270292389773,-0.7887120606823783
329,1.98847e38,-568599.7749436967,276943.8185811279,488555.7084126679,0.3398211731058405,2.552937623663252,3.1333026200780973
330,1.98847e38,-1.1291798081780549e6,-241448.9436120455,-249993.1212054218,1.7961212396969395,-0.4287298570340488,3.2342666254398402
331,1.98847e38,-670267.7543628981,5874.449401729595,163568.49374532676,-3.564606610961725,-2.279136753165656,1.3680383157914333
332,1.98847e38,294596.8923976711,-532787.0615442845,301035.30589843896,1.6723568092901155,-1.2077102866416323,0.1217102876406267
333,1.98847e38,-540983.212260137,-218626.55761804676,292938.28937131586,-0.05074546008121272,-4.995377150455692,-4.749394853921316
334,1.98847e38,-527591.2494171802,-194022.1721275323,-62501.63158064536,0.3592627540463531,0.8286944987612603,0.7142998500785421
335,1.98847e38,-708391.7477548376,-6204.5035070271115,254719.78527664,3.3092908274307193,1.6004701459047244,2.5786847440548617
336,1.98847e38,-360531.6954872033,341486.3903964615,-65806.70681018205,3.280673305450329,-0.3315419079367633,2.6621346487469095
337,1.98847e38,-628901.579258331,-103416.85353184733,-125218.89079066613,0.566226033131696,-0.38174870788329274,-2.0539960153386985
338,1.98847e38,-526913.4692255053,-306377.7878377435,22902.43762203564,3.1081244373011145,5.00839480249968,-2.234647658249921
339,1.98847e38,-469696.3236263799,-415794.8751697612,28354.21986909369,0.5865472445822026,-0.6582981982732387,6.591291592748817
340,1.98847e38,-514836.44483864785,145786.309781074,-6432.646837230943,-0.4408845303626747,0.5050761368962813,3.042380548632598
341,1.98847e38,-633401.8101815687,-87419.10395266394,161331.87308806094,0.36638132760424647,-1.2549852499273755,0.9427412989926542
342,1.98847e38,-619662.507308595,-111923.33099652047,-68952.9920496173,1.4402075835579053,-4.120006153189158,0.28487987263729636
343,1.98847e38,-312435.2201426556,-522575.9218203687,142636.36293935444,-0.18247869217239288,-0.536238170395534,-2.597324196566534
344,1.98847e38,-616428.95496734,-66136.3832728657,-64578.163130115754,-1.5830095311633405,1.7728944484120313,4.23160129256997
345,1.98847e38,-664296.4262920126,-268040.4976531811,61901.03243782786,-1.2883169630771838,-0.18211864555008775,1.5461169248015403
346,1.98847e38,-461974.70688291686,-216997.29836010814,-142903.58381329026,4.042563342612528,5.091081219990287,2.9021072575420273
347,1.98847e38,-334851.77449966565,-68027.51738709619,-18466.418350312295,5.543072206692775,-1.556376930813629,-2.189291004901693
348,1.98847e38,-575013.7866563178,-151691.4884989323,53664.393964003015,-2.5101666853139575,0.6965565037382887,3.3515152621083404
349,1.98847e38,-586286.8222976936,-443244.9388597904,-40912.93484363362,1.6416168845584211,3.1454005031374286,2.012205171224132
350,1.98847e38,-450362.80666315544,43365.56562694145,-135344.68955227383,1.4029289024360858,-1.9947742558053414,-3.946492187522141
351,1.98847e38,-447224.47997400607,14025.613461486122,140777.2663817006,4.145759769009715,1.1760507425291837,-5.235681034653879
352,1.98847e38,-606383.76052165,-268907.9581457863,114881.02159588218,9.844315511094116,-4.774792323028225,-0.4498064135167488
353,1.98847e38,-449987.1638984615,-91489.7606355433,-182092.01852796107,-2.146107237628434,3.207656643118229,-1.2311004465721775
354,1.98847e38,-517244.5272426165,301065.0739560779,-96437.91472549066,2.963039741155311,-6.662816881994204,0.8184557505087178
355,1.98847e38,-680918.6002882095,-41065.94291996393,-109262.99173137426,0.5789685174776069,-2.874208246687456,-4.8226333869274525
356,1.98847e38,-670492.9099867211,-202329.72623202353,104000.58389328243,3.550127112250249,2.3972654402079367,3.9326875158490657
357,1.98847e38,-331464.1026306372,-531779.9792436752,1377.000708910038,4.742033239667918,1.1158774841611583,-0.498153755236614
358,1.98847e38,-716416.7191648723,-469065.777584596,-57732.014760970545,2.436325152058137,1.4969735166283602,3.1861849222935774
359,1.98847e38,-723678.6851651171,-80614.52892851566,-86084.22863307124,5.497955736656484,-4.857750301309203,0.4539330819119078
360,1.98847e38,-850516.9235554887,-161550.8874264989,-191024.78978029272,4.345214614119737,0.22818319918403804,-1.542722244007047
361,1.98847e38,-611028.0462089146,-352324.44323534914,-64102.68940507637,-1.7045810486129307,0.7370695700619653,-1.2017643583575788
362,1.98847e38,-1.0319094190297332e6,-266080.0945917466,2871.8517192066656,1.5768567407810101,0.7718650523231826,1.1374738710505783
363,1.98847e38,-653767.9998486175,-32510.750452469016,142468.28587670406,-2.3257034011679902,-0.4821809176841676,-4.320977953948808
364,1.98847e38,-488758.5713687074,-173697.89929463225,24044.292673403503,3.2763466805587056,3.2887863778955273,2.1232998898355118
365,1.98847e38,-1.0248495172567769e6,23420.544547282654,-299836.4150972021,0.2217729647004174,0.4041893099960331,2.5239700005284904
366,1.98847e38,-615693.7128562756,-105897.81067025455,80542.13271017167,3.570330945100749,1.5027738962947952,-3.6778230546968484
367,1.98847e38,-706791.0925256353,31917.80643229233,-70005.84978307935,3.4542268129434643,0.5904380691053581,0.2799687585668549
368,1.98847e38,-601924.4551729666,-69553.07043264789,-508892.0447044851,0.6383321996157452,4.5159280272339455,-3.2382725529691028
369,1.98847e38,-1.016167741253413e6,-665780.7058672535,702475.449253172,4.059806698226545,-2.4823462120883417,-0.36684001784325887
370,1.98847e38,-599870.6211424288,-139099.38856135,30200.026331269113,6.483465531890803,-2.328830592222793,-1.210372311545041
371,1.98847e38,-616131.5473846709,-167815.16130525275,58370.43145163265,0.8292516116156228,-1.073365406142113,1.2638190519533397
372,1.98847e38,-606502.4139640589,-525184.9157315355,250527.96307150726,6.749020264530065,0.8987445992096893,-0.5964275267766641
373,1.98847e38,-619559.2477541311,42796.74385170909,-109629.85069407376,5.994388263451952,0.4556336020767187,-0.2572342781719556
374,1.98847e38,-868398.0913844542,-317702.5954756014,210635.1148134674,1.3193722140065884,-0.8980022530989281,-0.05427738651787148
375,1.98847e38,-641396.1208104677,-74470.76747510067,-100725.40440265254,5.7333109985021675,0.40363320130118957,0.5028532741363487
376,1.98847e38,-111153.4916362139,-879647.0133018878,347665.025963286,1.8912202196236723,2.203713743522097,-1.8076853978339082
377,1.98847e38,-639484.9767979345,-167227.66733051965,17447.66010275437,5.22477571785592,-0.4601506205062123,6.754950475604509
378,1.98847e38,-546339.9663491055,75311.64666043961,-50747.573028139836,2.3425369755302925,0.8601375032654413,1.1867948355091538
379,1.98847e38,-557248.8818632088,-363889.30217985704,99236.91863822864,0.486145017251588,-2.118771721197373,-1.2884429146113536
380,1.98847e38,-499560.41967771447,-97699.75436051682,42366.189351092915,5.993996445029667,2.189724227199209,-4.564047863588354
381,1.98847e38,-1.1013921087807515e6,-1.2873875950703744e6,-997343.5295793016,3.1893725331908307,-0.31570733630602554,0.11342383057860093
382,1.98847e38,-1.1106474821690589e6,-249258.58879076445,-871176.3650861266,2.469903152155236,-0.6779402882212969,-2.3624275635363787
383,1.98847e38,-619183.4705070788,-143035.44947481158,221356.18167335115,2.25474060499763,-3.133665466681675,-5.0496720757103954
384,1.98847e38,-950854.2363596841,-88495.42151601682,49141.25045038755,0.9420968690566811,-1.2285956598230992,-2.6024955190579853
385,1.98847e38,-784829.2151474888,36992.46254313947,-149547.37387942354,3.5253185240269236,-0.41389884385323544,3.675528327581853
386,1.98847e38,-517703.9395472398,199543.2001368109,113282.66440840677,4.224203417370197,2.5744336448285745,-0.9201472554699699
387,1.98847e38,-657091.7749831238,96391.95619412744,-3804.852143013573,8.190776037522191,-1.069993992926235,-2.011848389547714
388,1.98847e38,-555669.1518434118,-252194.47267415485,193017.48491737407,-2.434841850693477,-5.310308207811069,-5.488359543935334
389,1.98847e38,-751940.8152862785,-166032.49324600154,-48926.11151847433,4.899397969861645,-1.8333171997395918,-2.9977198026297716
390,1.98847e38,-398502.53958581405,-286656.2459441299,114570.28665935884,0.9748149551275853,-0.38886880765574366,-1.0170598254413663
391,1.98847e38,-1.602143747454077e6,-385526.2366527723,67304.350669244,3.1470199994189882,0.9376398740383531,-0.05517592100877885
392,1.98847e38,-559961.2034236899,-215736.73946086754,-22710.72483577723,5.731208456149131,-1.134753055337327,3.5027601029097184
393,1.98847e38,-146435.6968583254,-185591.44292816776,-133761.0154978408,-0.5776383391141113,3.4926883564343467,0.22706410638358424
394,1.98847e38,-880968.3957531187,508621.6373508916,-77285.27935448717,0.26130739752201126,-0.6041878450435729,2.3507947263887994
395,1.98847e38,-588358.445239517,-179039.52499743405,-12919.424401225906,1.9850454263908242,-3.235750003976658,3.979444521400499
396,1.98847e38,-615088.7555190797,-66743.68585268424,-59052.15675492729,4.890955964050415,-5.175528280134387,1.2231293209840512
397,1.98847e38,-79214.10575396667,734071.4091695274,242200.040158684,-0.034726946124555624,0.9209352216425944,-1.4908475928398481
398,1.98847e38,-571977.160922891,151399.46260057745,114223.21197376958,1.3213617321339968,-0.6500023645619045,-0.39713277979575157
399,1.98847e38,-625137.5673952934,99502.96410025255,-78871.00582203364,7.1757526274095405,-3.764108960272752,2.7502443546114925
400,1.98847e38,-561370.4191627953,-139275.68525690495,42962.33645586403,0.9590547678547805,2.315848162822634,-2.9900174462007887
401,1.98847e38,-769574.3298744715,-277741.65917312936,-100553.00872867451,3.8737142318130653,2.562524764215016,-2.2374630568865728
402,1.98847e38,-494133.860584085,-199218.24778648993,134390.26093133865,-2.626063057669122,5.3169171637406,1.2660462808487822
403,1.98847e38,-587463.5135768995,-153958.5104074381,-180766.85746852006,4.626297464151804,-1.2090696203580178,-1.8136776390935982
404,1.98847e38,-751508.4896492278,-153847.15706006467,182241.5015510807,2.7300255575843044,-2.0178791486115704,2.0536109155826265
405,1.98847e38,-488444.70857217617,1.062229546508155e6,555057.6714378435,2.5268919490121133,1.613429046549388,-1.312169606401521
406,1.98847e38,-425423.7654709929,-190287.39854119113,-10638.134337882999,5.528247773762734,4.670423003574849,-4.433994023400012
407,1.98847e38,-789766.6721360772,-242920.7334091689,-114925.02889778838,4.694598953697755,4.078003006972896,-5.225496809314257
408,1.98847e38,-650536.0287511632,-227118.36523396053,-2793.2896869902747,-1.4294228473565656,1.3963761338094032,5.924092817177332
409,1.98847e38,-549725.6019287761,-127595.11137488025,-19642.773905930746,-4.001488593508246,-0.5624326851272617,-6.8208757403187
410,1.98847e38,-838895.9338939943,116672.33917532186,1.3492344690892964e6,1.7343382839863135,0.9406884102199957,1.703725423014745
411,1.98847e38,-416609.823553405,-215231.27728862013,149012.90255595458,2.2659875554092506,-5.866438920091919,-1.2873006475884252
412,1.98847e38,-932963.4343537677,87831.02977123717,-130338.80324446608,0.14236965124061696,1.7170288461681595,0.587030320510889
413,1.98847e38,-736990.7988865781,-125138.5456049367,-75268.4381983031,6.9834124130935935,-1.7239840968817575,2.4658010730558897
414,1.98847e38,-930857.009271023,268181.3479133447,-166674.23013573216,-0.6272003298945714,-2.8129939135958026,-0.9331006762519092
415,1.98847e38,-653374.3925008707,-501196.687934536,295324.8498779251,2.4631619437155146,1.3409810011994812,5.386942826109245
416,1.98847e38,-802243.7783612615,-75349.43343702418,208475.92072695494,0.7211104728246673,2.1867168973006024,-1.191519745852708
417,1.98847e38,-444069.385258677,-21612.215907303296,122570.83853215209,-2.5681672510477886,2.912538346046879,-0.1813498332622564
418,1.98847e38,-646505.8620193074,99165.66618892606,-110157.29674817009,0.7372780367620786,-4.99671415840518,-1.814902862630336
419,1.98847e38,-1.0555349663579368e6,-570824.2298821595,-174052.75985469285,-0.3305084358975323,-0.8298487070085494,-2.065898259944141
420,1.98847e38,-502172.0145474186,-381945.9723899971,3851.7618935379305,3.6358859094622424,-3.117692658526549,3.999213861689831
421,1.98847e38,-399955.2440126525,-517490.99555345555,157883.10415901788,1.090164992976701,0.6604232617674716,-0.353622949068251
422,1.98847e38,-1.1020574867990778e6,-159168.8254806487,407149.6064091611,3.9474091552363735,-1.8501530727389983,-3.5062133288357646
423,1.98847e38,-515315.1754678448,-133990.14370150125,-107019.14060219892,0.009351316102211182,-3.3823521773275314,-2.52107067872697
424,1.98847e38,-631521.3465945474,-137092.86599270877,-108721.665804291,5.40300390733502,0.06580101223207385,2.0726558258936496
425,1.98847e38,-462219.0914281205,-264085.53062462853,-112117.715858341,-1.0302000149751782,4.79595888209375,-0.4515456414766654
426,1.98847e38,-1.2622699290183592e6,-364045.2715944448,-511148.7475601698,3.1769417159730873,1.5161338602292265,-0.4287170947903834
427,1.98847e38,-362342.16916153446,-189017.09591389782,-235679.54161804466,1.7942412727230446,-1.4178010610353504,0.6525945330972079
428,1.98847e38,10240.571518509649,-403429.5656645319,-341044.33897502266,0.08323355607983007,0.8250505945317507,-0.522362575367647
429,1.98847e38,-629087.2128485711,-233989.79100574815,30550.735668604742,7.498349457796459,4.646612980760731,-0.8760140691097678
430,1.98847e38,-996730.5414210663,-373097.2630345372,-188397.32530987577,1.6749901297261958,-1.390019027620733,0.7862716971825848
431,1.98847e38,-722940.0049802994,77552.49159083958,-71979.03413657383,-0.0039224294479875965,6.291190471799432,-3.547338381181965
432,1.98847e38,-687607.6732976473,-79930.32664001119,-121498.6442734961,6.277347736872022,-3.0023192299156367,-1.5092203617647568
433,1.98847e38,-230370.5654164396,-596782.8382085448,-471220.6836420103,0.3469101767517886,2.299194819871914,0.03482480243026438
434,1.98847e38,-537261.9627800381,157899.70290697506,395102.2961465821,1.4169958920431138,0.2036732849486271,-1.5659559575132203
435,1.98847e38,-577910.5214188818,-177558.03427120778,-21456.520848485306,4.730384284224488,-4.765993627033999,-4.514489107761888
436,1.98847e38,-465984.4343402395,-97616.06740188907,29333.96462279462,-0.6404933661547219,2.7750640675272784,-0.24228441002814313
437,1.98847e38,-908469.0212707559,-272938.3385026401,-297806.24330880254,-0.5670940354253045,0.8278582356583585,4.318817510011376
438,1.98847e38,-198249.27724590478,458461.77603902295,-398989.2654323941,2.8637601834234685,-1.867874505288085,0.5497083012019243
439,1.98847e38,-505633.5503705309,-4535.4540721573285,-491867.798346891,2.340120309128709,1.9715221234531621,1.1675257155559442
440,1.98847e38,-551001.5647047687,-33074.86954426298,73037.86167022298,3.5587552230297415,1.734451462144141,1.0665235959634287
441,1.98847e38,-325353.5453147346,-171111.6698516505,52532.62982697966,5.0419013616282715,0.7746171966407805,-0.33722471825678674
442,1.98847e38,-663502.1709655796,-139315.2912785932,-53844.02168450178,6.835385632982435,3.4797499386441486,2.354265971468155
443,1.98847e38,-570728.3512519413,-327503.34165462,-29276.74512895844,-1.1004524290402466,-2.1958665587436577,1.699939609986504
444,1.98847e38,-649725.5271712543,-214510.1695968982,-279767.4893833542,-2.3119553541610083,-1.3813645128581777,-2.8987084413841337
445,1.98847e38,-872826.4781736698,-307957.17568154517,-80618.44822539872,0.9280194043588808,-3.230574495543016,2.5987151493625458
446,1.98847e38,-1.0763999232508973e6,162698.78794922377,-1.3733970904429487e6,3.603185555004072,-1.9173833802063336,0.11736216429165974
447,1.98847e38,-437025.4522515548,-152007.15754369827,163329.75970527198,-0.004759275750370051,-0.6701818110986427,-2.796253481381056
448,1.98847e38,-703291.0810344475,-97922.82394842204,34726.29442636865,4.29923725236776,-0.034287598051078116,-1.2751681486370383
449,1.98847e38,-636140.8645073329,-23634.374304625046,60947.068790424,4.728909371895794,0.7635571583735665,1.9015356633319331
450,1.98847e38,-258970.56660984922,40569.07812307993,31620.34604115303,-4.322459802725045,0.4490340026761874,0.6914084732702094
451,1.98847e38,-781955.8754724092,-169105.2116157412,-160839.30431477673,1.558474004796528,3.9166777775697135,3.4122689888555398
452,1.98847e38,-430547.10534000053,7547.324980590463,40288.63679238168,2.074254156952792,0.38552955989126847,-2.7770181196583072
453,1.98847e38,-447036.2506466542,-28258.86518977335,79682.6396539228,4.431344909420249,1.5982388482790986,-0.9018316162146036
454,1.98847e38,-548048.4267204863,-62463.006351485616,74547.2311245934,3.7993895137891696,2.1675899546165702,6.379351289609857
455,1.98847e38,-468903.94352551625,-152215.12504418744,-153918.286060773,1.8112267789525172,-1.0721207930564471,3.633327904841928
456,1.98847e38,-583622.3458164698,-107145.71247427538,42861.43944866495,4.536192058316633,-3.367728699331181,-1.2421198049218953
457,1.98847e38,-554843.8056848209,-61033.358226504046,98507.11268041638,4.6924762522768315,-6.002998007582452,0.8704431761896178
458,1.98847e38,-510093.73427948606,-249492.7052541565,-100095.76425467295,-0.04434000090343293,-3.320865410322384,2.8626155812538716
459,1.98847e38,-720332.7683123138,-64831.1512933662,21873.000593821653,-1.873816704447953,-2.7744529866974106,-1.4695906259602944
460,1.98847e38,-434077.9765343483,107430.49172038166,-254161.3882498258,1.6902641328824901,3.4124641784585337,0.7418043719812796
461,1.98847e38,-747711.9657794919,-356819.3794594286,211517.96859901998,-0.6927445771543548,1.252266819140423,-0.11396885120729838
462,1.98847e38,-960394.1687285387,119562.43690850027,-311092.59746820875,3.6964291514510905,1.0939987655123808,0.3891668715856987
463,1.98847e38,-622553.296866683,-391469.71244075533,130261.14727201671,4.389703344399211,0.5168912450295875,-0.5321282192820095
464,1.98847e38,-319498.4592371787,128661.68569072353,-92618.5143178841,1.8005474161133832,-2.0688248438303427,-1.7592310685759363
465,1.98847e38,-1.203850584911665e6,161138.19899745885,-76465.1418266207,1.5928218282939333,0.7093525933102792,-1.4304315573952004
466,1.98847e38,-753678.5760038642,3511.9904212450783,-213951.79186625325,-0.10856374744261821,-2.82948018404118,-0.27653955543316006
467,1.98847e38,685693.7502007321,-485887.33757890516,87193.00815272015,1.0755725044648023,-0.35623486316149194,-0.3202507772311989
468,1.98847e38,-541338.4894899795,-243954.4949459739,-106947.03587176334,1.1841697035269643,-5.529484945235936,-1.660760843143257
469,1.98847e38,-546139.96729974,-343935.7750809224,72734.36746654003,2.2440237367460396,0.08913568973255763,-2.2897698754191986
470,1.98847e38,-577165.7569757638,21831.26965123159,-11560.41234132044,5.87058377645819,5.518486758883062,-2.127223409765831
471,1.98847e38,-525880.2357416464,-75897.203347378,9570.444534328932,-1.7222133295907023,1.3328193455021637,3.1884410172777016
472,1.98847e38,-863518.2366629421,-153231.58817395684,95081.89466473332,2.6916528311704107,-3.6601835708543873,-1.9864954636500014
473,1.98847e38,-305286.0183769467,189830.68854153436,-448139.9730174885,6.4946140959763206,2.1488919106850597,0.09732010597143256
474,1.98847e38,-581460.5002558739,-181816.6650339415,18839.93135528553,2.3646542195369435,3.3035940243544104,-4.332700624480798
475,1.98847e38,-717595.5509631711,-197603.54974588353,-68714.49550080996,1.7912907694637221,-2.617367784490296,-2.184635176865883
476,1.98847e38,-381517.34636222373,-400988.76575730206,-167384.7934214542,2.4441578649841063,-0.42364327581557526,-1.2121620376099946
477,1.98847e38,-593756.8089791798,-195349.15476724954,46854.15749195728,0.08543033075598494,1.4753201520555157,6.993015056198827
478,1.98847e38,-555202.773561345,-253324.9542316781,-79172.97254366355,4.69664856569064,0.9958135681009183,1.200059429407087
479,1.98847e38,-641727.0250062889,-152983.24548946455,-80922.63967936758,2.608138400448453,5.017837759495861,5.350490966963601
480,1.98847e38,-618996.1672036046,-108141.07668498745,-47631.302012170585,0.9935884510056447,-7.696589581260573,-0.8733551490780256
481,1.98847e38,-704909.8291260418,-278555.05468273826,30503.75743411344,0.16181235904030133,-1.8703543208857352,2.6039209546281032
482,1.98847e38,-560236.3139938503,-14342.722240017843,-175639.57387789275,0.7460518025280751,5.0030242192494425,2.0100828471558705
483,1.98847e38,-682033.6521626138,-255153.33429562536,-41073.347325280214,5.347881358596322,2.5945973386474828,-0.38021214940082937
484,1.98847e38,-633818.7969581608,-69676.53616828541,76485.52327516797,4.500406625571354,1.7266658679646236,-1.0972923134152357
485,1.98847e38,-403037.4370142608,-329997.0991966296,99472.09120925308,-1.6067090943870719,-2.3908581143807632,3.8950552105580964
486,1.98847e38,141998.04641804437,-593803.1596534459,-103027.69432370177,3.4652604226535715,2.9169489036147933,3.8790224754112903
487,1.98847e38,154818.11811271822,-124878.42549376584,-292828.9943019043,1.9600958464807317,-3.0308779732851416,2.178535755291793
488,1.98847e38,-849758.8073852331,-145501.23351452473,233653.09319916772,1.1992606068960752,-3.9672855758158923,3.7937122309150495
489,1.98847e38,-504686.3482618514,33129.58094089717,284957.8216813981,2.804410229251434,2.567210240008064,2.302087576809309
490,1.98847e38,-663358.6270149674,71137.16511022203,122559.4584049436,2.8688575983811417,1.4144886127261052,0.18165400102779752
491,1.98847e38,-509532.198046903,-119475.51513122668,233051.1524344446,1.421794569947196,2.015378973189834,-3.325816220183217
492,1.98847e38,-1.153341759421199e6,-300320.6258467485,-684396.5277642284,1.8057162605813621,-1.1625326443142636,-0.9655592148517087
493,1.98847e38,-677780.2469595311,86742.07103621459,121592.19382923692,-4.610076236414733,-0.2648806250180068,1.667401070192219
494,1.98847e38,-646859.908850926,-73374.9159948727,-106554.47909630208,-0.26549486543148104,5.585566859426912,2.74071963512123
495,1.98847e38,-455264.4895656569,-796745.1001830027,524539.3598255916,2.9963852491892227,3.1224542774579245,0.16761089426420753
496,1.98847e38,-687604.6952649179,-891.9291256425786,-209009.30837771928,2.601305567524199,0.9243621942678677,4.541394270546135
497,1.98847e38,773850.4938886571,-3.552133006155586e6,3.473444367497098e6,1.4061288043222409,-0.16666898081310233,-0.12364811546433002
498,1.98847e38,-911083.0223958611,109077.71596784788,240318.64225205345,5.83670526611755,0.5389346139011182,4.369225837232827
499,1.98847e38,-631329.1134481652,124666.37239425542,-128837.04001529908,7.654201577061883,0.6123425786402953,2.41527644145201
500,1.98847e38,-568351.3513837899,53044.052720286185,357826.17031154945,-0.44608488460151596,2.4682481405856427,0.10828759608247002
501,1.98847e38,674262.0275630609,-131401.69827510277,11585.414450855997,-5.267415501417128,-2.928434395898554,-4.6759760897993345
502,1.98847e38,934826.5219696432,-66643.4464249346,-206261.6092488057,-4.147587958054446,2.849579911944627,-1.311762505012012
503,1.98847e38,661724.7008727476,110264.4440883353,118032.47429830834,-2.448676316621402,4.468891209836444,-1.185558734919304
504,1.98847e38,663703.2440699856,24335.44186269959,141696.47711507275,-1.3248149634896236,2.0206289648392604,4.365364540510255
505,1.98847e38,300460.4484722335,77347.03563631227,63262.92196496476,-2.335556458501385,-2.896419289719593,2.1937391636316272
506,1.98847e38,631742.7921432535,285568.3458447037,10458.142459253893,-6.809071764787954,-5.361011962305138,0.08596800264581166
507,1.98847e38,541464.2643810443,126105.87766069913,-47916.433367640435,-5.4136990299416805,-2.921917040075012,-7.667938702925229
508,1.98847e38,559603.049173844,289780.2303885614,81269.08623125292,-3.107340919667872,-1.023080818844065,-8.80270177218878
509,1.98847e38,665199.641436325,184267.04436220587,3072.1797115309687,-1.3899564520069443,-0.010912658360661947,7.112375594475007
510,1.98847e38,193604.87832679664,100259.50665725596,-48420.61225210372,-3.932902385044727,-0.9272746248222459,-1.1915063909583954
511,1.98847e38,614605.6799848669,67553.94090871251,-111360.14501216993,-3.4459896013576268,2.893519941539726,-2.137432903104052
512,1.98847e38,362663.2605569149,-112896.8030834705,-180908.35943482537,-4.920189636943211,0.6133882349635614,2.862846117821975
513,1.98847e38,697285.4153700514,198462.61106894384,342490.19603810983,-1.8711397658144484,-1.751598134031368,-0.3178051652142926
514,1.98847e38,647619.17466218,235712.85383157188,80227.82570661804,0.2771686849096713,-0.09080783297904028,0.26296867779391647
515,1.98847e38,636756.6659434384,249281.8163890057,-655371.6482225307,-4.546921687593914,-0.14364085918715147,-1.1048390679270184
516,1.98847e38,614726.4418969316,65101.24464776824,348610.3512670483,-2.5103913789021073,-3.9217583876092523,2.442697420152686
517,1.98847e38,649668.1155189907,231254.98180195625,-243857.92525995162,0.48998175118883447,-2.8708296059803264,-2.449419471152421
518,1.98847e38,482128.9765834013,165084.19007200308,72406.22589949153,-0.5924766046541767,-1.2070425270883407,0.397866187393882
519,1.98847e38,662736.6554034742,343393.7730686165,-275488.99602870503,-2.349010539351298,4.73495344005515,-3.1473923763896003
520,1.98847e38,450216.97619492095,77920.17947990433,72605.22026352304,-3.8829551033129683,-0.3808065294358333,0.31190562928275034
521,1.98847e38,539948.3061624627,19767.18125439246,51067.5061162511,-3.9857978323775862,-5.27579703908927,0.3394331691020875
522,1.98847e38,830026.833755472,93399.5407092075,165389.81048366125,-1.2769055252512869,-2.7718613633552143,-2.0610245834930327
523,1.98847e38,936045.3340327034,46433.731516161235,-195790.2500930688,0.3312038201141738,-2.097892997667792,-1.0431664094834623
524,1.98847e38,301329.69739871233,1.2004944868885325e6,-355382.40297450864,-2.6115636846472223,0.3196159549891891,-1.639915445765688
525,1.98847e38,783558.110587179,5526.770143371861,-209276.39036675188,-5.898716379450702,1.7996449290948522,-2.1761419566599147
526,1.98847e38,412502.0709195762,345729.3452198334,35951.29102220155,0.6651084256861255,2.7129654237916103,-4.097096582404789
527,1.98847e38,162391.78235159267,241206.26566632368,523639.4638613535,-2.7139266416499215,-0.14089079204937288,3.0514251829728476
528,1.98847e38,914500.3087617321,3436.179004971753,-23894.66275279388,-2.372137163785452,-0.6288033084192861,-4.466755964347491
529,1.98847e38,314998.949455171,269356.64639539097,-72208.24227922046,-2.620138730439613,-0.7777683579038266,-2.4574733591878677
530,1.98847e38,369419.6985241261,80545.25564567473,93591.15806496846,-2.038286198030266,-2.034951563060481,-1.0644157836906567
531,1.98847e38,695454.2063214356,31411.444101553454,-138179.92213831423,-0.5517625794495284,4.947745562175212,-0.8801914482421968
532,1.98847e38,590539.5950805884,138457.96027963964,-299692.068273116,-7.571743480855399,-1.661930667197374,-1.9739279434249168
533,1.98847e38,628507.0002177868,129274.89797555612,-78280.99758122372,-3.0984393870804223,1.0780270688733298,8.084344048588903
534,1.98847e38,1.1546102959257546e6,243096.53070166835,24763.30400459531,-0.5004734537864179,-0.5182291392730426,3.7458991781697666
535,1.98847e38,793792.8837215875,180680.20651317373,9031.017608564793,-4.2469820939897245,-1.8349655136265701,-0.7862704595711707
536,1.98847e38,734590.0612861072,169505.0616240386,-113116.27970136513,-6.201757846220506,4.159332346070205,-3.5094049626863435
537,1.98847e38,643093.1070211835,87442.79241539518,23437.546398290924,-1.892294443862371,-2.335366073724345,-4.2462421355753035
538,1.98847e38,1.3783786687486698e6,-1.1378951436330734e6,592455.9845099295,-3.7006288744398232,1.6215950823633085,-1.5155568214153323
539,1.98847e38,661808.2515986516,115777.10789998253,-17746.109860172903,-6.0708410979884375,-1.756533254705889,-0.9280743866892194
540,1.98847e38,359816.85248524195,342279.6942624813,-307612.52184955514,3.101481629116001,0.5316548624331594,-1.7154861863506596
541,1.98847e38,477587.67539171275,329237.44412736944,67295.65865712051,4.3364679070410075,2.6270094278654255,-2.254477527682951
542,1.98847e38,1.1381517244907445e6,288117.68838106224,97383.2086469731,-4.394944719576179,0.8288428677332514,1.1676922496339086
543,1.98847e38,452488.6814209467,519285.43444023264,640227.8847723141,-4.127971319320377,-0.27827677186279937,-1.6222331634986864
544,1.98847e38,1.1075898100091834e6,205326.34735733928,-109418.79533060764,-0.02959078419912675,0.7792704934696144,-4.664485729035486
545,1.98847e38,441685.2822312771,179919.55386919592,45729.084847013575,-0.7800098920364404,0.08975489825345564,1.7176007207353394
546,1.98847e38,397918.42317391804,172376.18735842704,68041.28002582426,0.08507357135967242,0.13369193141284796,6.632371737755915
547,1.98847e38,888528.850159286,-115127.11509808077,-174389.90847167236,-1.18318802183082,1.7314096729692028,0.181210570342209
548,1.98847e38,760508.7665655918,250694.23138624028,144543.11740482622,-4.620241766943242,-2.1148098315492514,5.066385357745035
549,1.98847e38,502841.579966356,209898.56444993164,89044.27712471818,4.13560157437451,1.2914824877025675,2.2730317682589884
550,1.98847e38,333594.13049562805,369613.8804995172,-109289.0082485938,-1.3266970335571262,-4.125143546120056,-4.5865000748793765
551,1.98847e38,677497.4476944633,148241.08142077032,-20685.624780967388,-9.496992533856627,-0.7973997004301737,-4.121974261385255
552,1.98847e38,686352.0606886845,135125.0412904255,-52012.777335355386,-8.05153422446639,-1.9907886278893658,1.4818866073436745
553,1.98847e38,376246.2612600023,-11325.994481894653,328428.32177705126,-1.186615624857155,1.1170656531977827,-4.358441914902571
554,1.98847e38,524169.34579674073,132300.9981479136,-173431.47119213073,-1.487510911112884,2.8780921911102912,0.4255807038833517
555,1.98847e38,805404.2002844057,655423.0101916029,389358.1307374062,-3.7682409413911717,-0.48339610576943187,2.012120692495916
556,1.98847e38,565035.3204041884,229522.66855968715,-48932.84405617127,-1.6501725425741383,-5.214936831311278,0.37587611800548865
557,1.98847e38,584392.8094134257,123865.33813229113,122347.47565781247,-7.233763296619634,-6.396623673151603,3.2017202192258316
558,1.98847e38,1.0941795218638654e6,951944.8865200615,310149.73298065306,-3.462170263751745,-0.7425131728381515,1.6146271863767634
559,1.98847e38,557505.5618940888,292636.5366221594,390165.450929589,-6.951366399322928,2.9391470993053623,1.51833679533434
560,1.98847e38,866894.4845834419,-42878.32292542956,-111999.2375436032,-6.607714170728149,1.3048046801073496,-1.6090486436403546
561,1.98847e38,666995.0734608226,555618.0784896256,45421.44619492513,-1.2821130109902477,2.518936703974785,-3.2608402527603246
562,1.98847e38,528311.9493413706,244827.5062432899,-106918.03361413341,-2.370007628647409,0.04746086106944541,-7.407839900607279
563,1.98847e38,1.389036996647352e6,956781.7649812147,-19886.79175356139,-1.2318212557197943,-1.4090555314097677,-0.7460747331885155
564,1.98847e38,518027.589862212,156735.09014591225,-383528.61675148876,-5.697125324376943,3.409307984053509,2.474110955725075
565,1.98847e38,465801.8118997199,134450.402949947,-93062.23841520467,-6.92835864469936,0.4163568137420356,0.47869158362886327
566,1.98847e38,957096.1526340374,248733.80055102878,-144586.64823640155,-1.4525789928034427,3.259215689244732,-6.250590630524418
567,1.98847e38,593894.2564927874,236042.5966748913,37556.46933888307,3.314152964544151,-4.202482103692716,-1.1227108245964936
568,1.98847e38,698265.6010958422,363659.38996179035,-124107.67473242928,-1.4059556469248162,1.3209729821778353,-0.9202141361054312
569,1.98847e38,667726.6070207355,241258.89351150062,116349.51668833157,3.9447339250976086,1.0535798676415422,5.73271256286484
570,1.98847e38,1.152073582773488e6,-279731.20927639236,-432623.74231787864,0.4007769763993174,0.5976730076005871,3.4118616607597287
571,1.98847e38,482650.9866933546,52434.3201085648,230373.87741859566,-3.4140022535277534,6.504482064427128,0.7210236293453924
572,1.98847e38,-1.1013810881286757e6,500987.639674113,156619.53852601518,-1.5084374578616022,-1.3099132844428423,-0.21412769503906348
573,1.98847e38,743403.6744374695,275751.8821087279,-201514.54752588854,-3.363897367469777,0.18390309286180706,-3.534633317911451
574,1.98847e38,581235.4754674658,193631.75752152893,142121.09094266783,-2.5076321333584577,1.9642378756920602,-3.924063199292956
575,1.98847e38,909196.3200648865,328563.62081988226,-244941.3250612849,-2.6720570824979957,2.80974569657469,2.6809221671917456
576,1.98847e38,-1.5987173423965569e6,-188954.55029028986,-1.0311768011225337e6,-3.522633116493261,0.6090017782269007,-0.4279008962759654
577,1.98847e38,635788.6949875745,-123449.97009015532,263775.5504665603,1.2699199898833617,0.5429354063020162,2.014841908280636
578,1.98847e38,421680.2506298269,348951.88679135556,52906.38087520991,-2.277503201047485,0.3078168173509141,-3.049309919713945
579,1.98847e38,1.5245112632864611e6,-134022.7812305321,59406.187547738,-0.44160160246438007,-1.2340937768863758,0.5345669555979274
580,1.98847e38,497295.21217108954,639407.2280008087,-326761.70231750293,-2.086333020586233,0.17797165632530101,3.6916704398996356
581,1.98847e38,699431.9373528173,-131468.2054434807,47067.41444347084,-2.7459607712861414,1.3656262002290636,-4.200281080939148
582,1.98847e38,487510.60038749786,89548.60210828343,30255.989447100976,-0.774016974020237,-3.801910948930146,2.5084862795035923
583,1.98847e38,536192.0164337766,163538.2570329552,73436.1333516443,-9.326666605066203,-1.5583011229120742,2.145669854111262
584,1.98847e38,546669.6932938511,197138.96940749336,-172095.07897602717,-6.671343010753339,-0.7435491953034871,-0.029597415452912543
585,1.98847e38,948560.4326588786,-707463.1788387034,516434.339486815,-4.712023168815459,0.4098052935499991,1.4163716351613154
586,1.98847e38,691196.2027399803,43015.98734122177,-86959.371637299,-3.8606557261830545,0.6624304644197652,-4.506658186219373
587,1.98847e38,800151.8441182378,317694.95452701097,109207.8437241868,-2.707981546494725,1.083474248478421,3.6065248651031174
588,1.98847e38,802390.2628930742,10677.104739786242,255220.4529979922,1.7171993851388558,4.6154994355692445,-0.08624050046098579
589,1.98847e38,483937.1056878303,129548.08908527897,305742.31776172656,-2.3923045941950174,-0.7069271592711474,3.537937907422175
590,1.98847e38,841863.5099189122,291880.37023941206,-418.3702524441537,-1.1223110288974985,2.236337865404871,-0.7139138984357873
591,1.98847e38,618884.3750394972,115479.75299397795,53559.605367710705,-5.61633826265387,2.370196644088818,-0.7244788231601543
592,1.98847e38,644885.8813059902,459006.1710267786,-104132.46688758406,-0.16107746960306413,-0.9588268295817818,-0.8511155245728325
593,1.98847e38,401335.6378430291,-172222.49388578068,-26898.687915410563,-1.8298747544440075,1.1237827939682843,-5.628246355345123
594,1.98847e38,680422.3134375897,-191206.85717015527,203536.90396494753,-2.8221715070942315,-0.14881007941575897,-1.330735900836572
595,1.98847e38,541352.5958278384,101867.10015550259,-119109.24909976631,0.5500252458883699,1.8244601264785993,-4.187408603663581
596,1.98847e38,792598.1711112966,638646.7765754366,-547361.306383081,-3.841406202096622,0.8839636058307504,-0.30994757858588956
597,1.98847e38,644548.4603226631,126860.8049216844,-708529.2092929574,-4.198261624402718,-0.8723786317216985,2.0338112875997343
598,1.98847e38,332535.2445439553,277169.6117071273,-70347.8101743484,-4.529761331912972,-1.6145112368809558,0.690080977206883
599,1.98847e38,173225.49423056608,90346.74555427648,156208.2554141355,-5.458745863862934,0.008431139249200357,-1.5269115525562627
600,1.98847e38,-334726.7896191743,606173.3310390601,870885.1674474841,-2.4823360039276534,-0.8461541601260268,-0.1427123144682757
601,1.98847e38,563350.4110347499,67434.23383632666,-9719.863798382545,0.9095965185281476,-1.357439811578549,2.889930268215972
602,1.98847e38,-465696.2783109173,1.454502949112999e6,499270.79031281546,-2.823415687490998,-0.8026258210222107,-1.3755280130208238
603,1.98847e38,805971.2138839294,-162816.55526251573,34520.95863465467,-1.6206973323414813,-0.49471608731966105,1.221238040582608
604,1.98847e38,585622.7843813825,133869.0629343868,12294.516314323726,-3.9508213092297884,-0.6736516010635641,5.4363612113364965
605,1.98847e38,1.177468930585661e6,224665.3668023042,425784.2114461047,-2.1224727033883752,-1.0178016631436424,-1.2352301627009294
606,1.98847e38,1.075404553485346e6,226973.55861842606,-190667.2575328153,-5.451279624682144,-1.7726391615555979,1.1989860371897383
607,1.98847e38,180894.90546120354,437660.10034510837,-157224.11721268008,-0.2497856541602732,2.2808807338834916,1.7216310982387377
608,1.98847e38,645088.1781698384,58720.60356853364,-237234.91550356182,-7.110412604456617,-3.9837359187943004,-0.9605600028748078
609,1.98847e38,677871.3811112863,-151909.12520220794,-89587.60676362706,1.7761886406131104,4.141537161701879,2.0581192886955737
610,1.98847e38,591201.5716181675,99244.2701910369,9754.899558050194,0.6134014755646566,-1.2062656997751158,-3.269192839842247
611,1.98847e38,462705.50738675834,-10353.727109051368,-750202.6807452552,-0.9756000791117938,1.354157702257008,-2.433200754025084
612,1.98847e38,701174.2536836198,238183.41016256754,-260759.88398430517,-0.23257349767352054,3.0033364929448436,-2.6209072257071115
613,1.98847e38,473338.10543944244,264131.44751799747,4998.208262593325,-7.390523870650258,-2.953450354319519,0.34723823712549345
614,1.98847e38,-57111.0116149988,-308606.18377073284,421265.2752702636,-2.5872160998613842,0.43339882261348134,-0.5192649158095448
615,1.98847e38,645674.3344636875,471783.13712025527,-54665.923065207986,1.3297419850002394,1.7460516750715396,-1.9173812253466094
616,1.98847e38,746159.3962876484,246692.82569330028,23207.31921829182,1.8853887940974188,3.5685936477989855,1.8501661350210445
617,1.98847e38,217725.42363298242,233738.07097635203,-177074.4430310331,-8.80316622971567,-0.05271385486383464,-2.80406272337879
618,1.98847e38,354993.8071613726,286773.02716978465,226036.97168737798,-2.2409385737706096,2.027182726126384,1.87711818300393
619,1.98847e38,1.0258860772514149e6,291330.02688969625,50503.54480292262,-6.380924240268863,-2.9122760277438173,1.9003105042163668
620,1.98847e38,493926.5096918641,180753.81665583627,-56896.308811485644,3.1543414802763285,-2.090669007298106,-1.051357359443784
621,1.98847e38,569904.6515672673,194624.48244233875,-29107.933123573675,-0.1495463094526377,-2.013947755280251,3.0672027559472577
622,1.98847e38,499329.88230513607,328133.57607776194,-97781.97589304262,0.8556624241461201,0.3790900231562573,-0.6480411113116118
623,1.98847e38,483872.30055088236,249860.22672178864,52999.22240240657,1.6079537698354631,0.6161842928330626,-0.9317195532912547
624,1.98847e38,823333.4950361244,-10502.240418479108,-231059.95846881013,0.6357691786941784,0.7483900030843438,-0.42818375209952997
625,1.98847e38,599226.0952445687,79645.87973268398,-50417.0947463646,2.091574455002516,0.21210285654888167,-0.34211374184556115
626,1.98847e38,478727.9767181306,115149.1683230279,-25321.346110158524,-3.8561557455073294,-0.9998687488033624,-4.111815581459618
627,1.98847e38,696608.7251900726,433790.33947885956,-351408.78646985424,-1.7341433736306602,0.12285491615494362,-2.5700051121287792
628,1.98847e38,662437.8979563975,142682.02988478346,68283.58822359693,2.8402723451174916,1.1699793413160424,-1.9119607197445734
629,1.98847e38,534535.471133083,65969.37183373731,90278.17421081511,-1.6133973933449017,-3.1523358453745187,-6.029856553202667
630,1.98847e38,585510.1510990158,127472.5243321039,-1028.8566834310548,-3.3046343878331306,2.8362808464507703,-0.014033232711964015
631,1.98847e38,704278.5201153165,-297434.16002360266,-5779.241828407372,0.3576286318833217,0.05732583903947328,-3.9011866298528326
632,1.98847e38,22674.90411871532,-127732.1343060612,-389572.72400727205,-2.6463801400409945,0.11538043913036006,-1.204609818554968
633,1.98847e38,486347.2541366897,-60386.12408163838,-142403.93689449737,-0.6561482169407473,1.948203219180421,0.9376433952260574
634,1.98847e38,490682.88965216314,-6994.238925306068,-139253.47889335352,-2.258431037566663,-5.839549378405879,-0.2185757559497781
635,1.98847e38,482672.29678948305,-30928.986229523667,-304313.06804807665,-4.63849227393497,0.751286403260682,-1.3564967271936126
636,1.98847e38,515843.86797459197,-74358.06697987448,2992.7497031293833,-1.7148834321286701,-2.5569344855389122,1.887591107506179
637,1.98847e38,470332.053880903,-17414.914584391023,96640.74717048349,0.06821006789665107,3.0333685740030254,1.4375571958769624
638,1.98847e38,586645.9380943232,179008.0372581371,-20000.590413945163,-7.6266805213018305,0.26740699579958443,-4.320657290109238
639,1.98847e38,398889.51901236526,93721.38823693784,111171.3945723405,-6.67453790720547,-1.5915521078460657,0.6203909513972766
640,1.98847e38,1.0837399340254406e6,54880.35199458062,-127676.40849792522,-1.3028994674094545,1.6098153958286858,0.9844711613376167
641,1.98847e38,449143.9593056487,114711.99374266158,15890.777972578273,0.6653409893823783,2.305012264382175,0.9570550630240159
642,1.98847e38,402800.39516043453,134638.14370340484,-18408.67035652974,-6.663588281773035,2.0966285546060783,-2.338040611418556
643,1.98847e38,732071.732129228,204379.59798280193,164034.82609473504,-5.766587266461366,0.17403209713260406,4.200098857732213
644,1.98847e38,750550.8911460222,38466.93337521324,45880.16473182342,-3.1958617928880004,-3.3967547823117776,0.14428624688175756
645,1.98847e38,687613.7741870494,-211932.06789859355,-296294.3219891354,-3.691423216579153,0.24010156489780762,-1.282153730268179
646,1.98847e38,598035.389716511,213058.01619074628,-86027.95861368213,-3.6917343625466876,7.605060057448528,1.8396741276743638
647,1.98847e38,652067.2112332145,-70460.67689648221,-79131.05478318004,-1.1915057536061942,2.78273772114341,-3.579829181422419
648,1.98847e38,475943.3547437819,-226070.8914963872,-240374.0117402949,0.36065978040899394,-4.757165601853214,3.3999754133983875
649,1.98847e38,590326.5385006593,178190.04964968056,-33603.3838052039,-8.366830471820922,1.0229638793943816,0.8305175326525047
650,1.98847e38,601416.6679577859,-48279.10682630606,-196863.99015010215,-1.572197426252196,1.3791099103357298,0.27611637876572664
651,1.98847e38,492767.6201758376,360161.7246709451,273834.03408067493,-2.2721078257455045,1.0143001888552077,3.3052303038567103
652,1.98847e38,607048.5452330121,241566.67153404528,111271.80242461128,-4.585130389004667,-0.6728883458671243,0.4177383843251582
653,1.98847e38,379127.6701436053,-70342.57787075732,57138.0044328818,-0.5687506418832753,3.1842364888919743,4.3911046215479335
654,1.98847e38,306633.83876886405,759566.0122716832,79131.82136677619,-6.246144053709109,0.9154053857910592,-2.6212434351179
655,1.98847e38,516655.080345731,170750.6249672507,-183395.54489223094,-4.6347642302900525,1.1685237321551418,-1.9369099831394752
656,1.98847e38,701736.3664528463,248568.97632584994,-88720.05427067564,-5.42007380981741,-0.956561658752292,0.3662529574717946
657,1.98847e38,744418.8091964625,31695.03086706641,390026.5102037327,-3.1524802517965824,-2.1103722356088603,2.485148982265105
658,1.98847e38,231603.19194532937,112486.60687086548,522234.97196346556,-1.6066581534176299,1.8430886370353972,2.591862429563454
659,1.98847e38,564697.8058077235,-175733.35313053947,22190.927284692316,-1.9006304250222723,-3.9147526930607217,1.3619012246918911
660,1.98847e38,664776.8955898428,37714.13398722808,118769.86016134144,1.0449860610367883,3.6298432512230208,-1.1615932623337153
661,1.98847e38,360836.2293045055,189375.67584101122,-77775.40050281823,-1.6271743236465,3.4319389477227857,-1.5363038321175853
662,1.98847e38,669010.0921580815,216219.30736294747,-42887.20756226356,1.1787375183951418,0.30823089443527824,-2.9201722016968206
663,1.98847e38,851684.4637433786,556864.5829092016,-82643.7291166588,0.5817923403772958,1.1726930671873228,2.2450125180869924
664,1.98847e38,778301.095742001,143202.16024637906,-274895.01424453524,1.4647760202868705,0.9102397200690778,1.6818580204929057
665,1.98847e38,1.804825811900596e6,-421485.49529113085,-1.1394794436874273e6,-4.197286090838148,-2.1019786879496207,0.41617669243928085
666,1.98847e38,616335.0394318304,291754.27763949195,21730.043401936033,-2.4916835487679156,1.313611326904808,-4.5691469394537485
667,1.98847e38,590273.8379803326,368501.47051369905,177887.4086730603,-4.840801480463241,5.14691217909468,1.0819480725630277
668,1.98847e38,785257.0648728639,231576.86518243878,-264472.8256060257,-5.3345124162023865,-2.503708257923706,1.0344968549570845
669,1.98847e38,434534.65972073405,222949.18431302725,-136196.21045838026,3.00329042069043,0.07825727909867207,0.0191878451116502
670,1.98847e38,644677.1165142758,178018.23557405037,-100211.0021914707,-0.7080703912816204,1.078153659435646,-0.6202242394740752
671,1.98847e38,883914.3661100725,381254.02248443256,479581.14662330947,-0.8397524887439101,0.4147929547443665,0.04925824083934622
672,1.98847e38,938586.1840462477,-8674.785379508481,-70260.453455919,1.0875305348275996,-0.6134609014512074,-0.928895844760095
673,1.98847e38,690005.4993154969,348920.6366727187,427325.6979070562,-3.174155824297202,4.176702713618387,3.0707109041351397
674,1.98847e38,450382.64269442577,135741.2723891175,156957.1402385466,-1.650691944099177,-2.7056865509342556,0.6944295233268168
675,1.98847e38,334907.60714981286,283136.48561032716,94061.04607903239,-2.950979473373982,0.5129038584746936,-0.9754014352223482
676,1.98847e38,503047.84256312525,451823.8203083725,226671.16825226034,-1.7320392128801139,1.8975651916566472,1.4861607208192913
677,1.98847e38,542930.8750696806,153617.9738099253,21515.893848661162,-1.823157502624221,6.627204541719492,4.649688127663778
678,1.98847e38,624940.4011681472,153698.90796076425,106443.97153404806,-2.096656063692052,6.458747743300769,2.4169890863148837
679,1.98847e38,522392.97027508257,45930.70011231709,374001.5139663744,-0.8383712913669348,-5.416396641226936,-0.7304828496745477
680,1.98847e38,935222.6632854368,369074.43157961685,700411.6192762029,-2.81399388120525,-1.0382678559604899,-1.1319984373804053
681,1.98847e38,687481.0081624691,269571.8633656923,116441.32084740387,-1.0266911876509426,-3.2303682254687316,1.1907455873258954
682,1.98847e38,652564.5828361266,233912.9629882755,-270796.418536009,-4.072044349457126,-0.12749376221396166,-0.027741560212207365
683,1.98847e38,712792.6995371922,204419.75434196313,-113694.02314410511,-2.641269391511335,-2.57983375342155,3.1690123708122035
684,1.98847e38,508084.7641487946,-36600.4106885565,65471.42922559173,-1.4250558977327834,6.522372011553295,-2.125223270731506
685,1.98847e38,491601.3959349045,-420962.5500679499,-80226.42529765771,-2.5867464488483054,0.1634850179579887,-4.063713436261885
686,1.98847e38,505242.0366654865,274011.7252580778,-80054.41207875723,-3.795856619760393,1.6641472595344051,2.606864407960555
687,1.98847e38,751005.0918102015,67235.38942523721,38035.24860236716,1.5985487235269584,-5.048253765472693,-2.5725528442010885
688,1.98847e38,608536.3201016972,-12457.600627356529,23247.528128939317,0.4569624374615655,-0.12489645260953154,2.119383883151238
689,1.98847e38,406193.43110088946,410817.3546745552,21502.02118929384,-4.105709568393978,-0.12264798632793836,2.5714421535139693
690,1.98847e38,661188.1307324409,147606.04629121,136137.88844021395,-5.7839901326739644,0.13789014590110948,-1.763547552718704
691,1.98847e38,576684.4491435122,307142.10830822395,121626.1645515739,-1.7989813447602128,0.8028887104368263,-5.512635263138109
692,1.98847e38,982273.2132316807,108023.0984595961,-178129.1925534288,-1.918836744590451,-0.43473434781816384,-3.886149890925592
693,1.98847e38,925053.4907123988,234836.74975341582,79935.9182040412,-3.6044382851990644,1.4921973487786444,-5.405631380422231
694,1.98847e38,529760.2268402823,128912.028211731,-655189.2773095221,-0.5408453771058843,3.698505374872379,2.7794320239431936
695,1.98847e38,76268.50993883761,20105.508322661626,-370000.113502535,0.035932230218042704,1.197256311149787,-2.318357034454599
696,1.98847e38,505194.2078799291,239053.68003547695,-146723.69902179856,-3.8008701753913625,3.6807284753966245,0.7372887830077386
697,1.98847e38,647743.9036039291,29371.95583080841,58714.87119049308,-3.038749294900237,-0.22941373888170705,-0.40927883998899806
698,1.98847e38,406732.45983820973,-35857.71413855741,-280800.8304769125,-1.4047157169340296,2.0863364908026023,1.1709546271397742
699,1.98847e38,592664.774210802,198472.87150101524,-4723.142529331673,-4.496285144225485,-2.4925054932325685,-3.8254718868979856
700,1.98847e38,555583.1442791619,109435.58337338862,26733.319824071124,0.878455132506935,-1.4622234005405277,2.4139956286900603
701,1.98847e38,794107.5235932712,72491.75268971566,-114945.10295165255,-1.9026463854345226,0.7978302647206473,-1.7101669818434808
702,1.98847e38,183303.72121976083,42742.98911543097,-262750.10041151167,-4.819057454125264,1.1494499047978868,2.985671853156469
703,1.98847e38,484894.99505106366,181737.43573814115,-76031.85972356211,-0.14810184828251538,-4.192771061916558,2.896493164320063
704,1.98847e38,554298.9216526198,193597.3681041444,-18793.05082205966,-2.3091789386314607,-1.0494924734953601,-6.085990415660984
705,1.98847e38,898205.3549307236,-257661.09352603357,-23775.295609371817,-0.23817053490157214,-4.818570862911261,1.4659542100406027
706,1.98847e38,267739.55053235847,-401074.18005069334,313763.9805818187,-1.42914282486686,3.360455718728704,0.8711966557826627
707,1.98847e38,573859.0847643998,122463.26256284268,-183818.34767508018,-2.7809547846065743,-6.5833480846156105,1.7258985610293924
708,1.98847e38,540996.0265271454,238667.65156164276,245821.4511762645,-0.9704522810100078,0.06421038094958781,0.5512412130891169
709,1.98847e38,2.111397378487552e6,316739.09884602303,-36931.57725196893,-0.7641982040635695,-0.749718248283611,-0.5004548266906034
710,1.98847e38,557115.3019779365,344082.9262473596,-162260.752474722,-1.9154795199452566,3.674025843790712,2.190751051686063
711,1.98847e38,522053.6953144638,361412.13598663895,-278373.1486365832,-0.35587682823284705,-1.814864176772908,0.9461478251846566
712,1.98847e38,1.7012627716899575e6,-1.7136408112990838e6,631379.384795344,-2.8589557856231376,1.2100244938871514,0.8062026407208336
713,1.98847e38,672815.1459651104,100318.95134525647,-44375.98049157953,-2.722914876409484,-1.9657247593083975,0.20721900423059295
714,1.98847e38,1.1264749691687012e6,736564.3224164714,417252.5958417972,-0.48260374369493064,-1.2792671733038599,-0.7285489895364758
715,1.98847e38,704768.5343448063,12139.933981886628,-4983.075589013007,-3.2982125960683226,0.7616757498698481,4.78936928457412
716,1.98847e38,631905.5678513143,171302.617869149,-121916.25061901579,-1.5162019917002647,0.8978501002427243,4.714337484000238
717,1.98847e38,559909.1877719093,342322.70804574713,-60310.63493320631,-3.177542525778721,-0.6631358609078117,1.0076937743235455
718,1.98847e38,342305.0636041886,182861.45341588228,74688.81198119537,-3.380936644062916,2.767573837418568,-2.8369686415297473
719,1.98847e38,290391.9677587083,517874.6031576654,198385.49083566188,-0.48088934444710185,1.9976442815267659,-0.6696535734078717
720,1.98847e38,674671.4932851935,364035.3678785013,156456.3698514744,0.4382106321563475,1.5373996518893178,2.552427232609267
721,1.98847e38,297146.67954691534,616002.2657615341,317549.85862037237,-2.483889794172381,-2.2895768854699643,-2.0434086685222383
722,1.98847e38,430875.057887887,190402.42551999638,-56280.41021067802,1.1639773415972767,3.0354172473491876,-0.29362796673598374
723,1.98847e38,1.045521100532847e6,377632.6803188973,-318508.81976101163,-0.8011897310410179,1.5352861655477965,-3.064738986908164
724,1.98847e38,431947.04772016464,13200.867749381781,-174639.25674131556,-7.840140382931241,0.3507342554481487,1.609761412491381
725,1.98847e38,669682.4338775765,-173666.59499487985,-241967.78082206583,-4.922025412891166,-1.8252606061140986,-0.42203398285454796
726,1.98847e38,610370.9653372021,33004.40957924003,-20728.442702882665,-0.5978517981355016,1.6340209288125465,0.5385631349142065
727,1.98847e38,685259.525565219,455722.7949437526,-14033.821135149696,-5.183267328357162,-1.0048434502366483,3.6275215439239004
728,1.98847e38,481671.7841392513,95415.3902833484,336627.6830454741,-2.436379492798429,-3.9298147337866807,2.5911868010804118
729,1.98847e38,386047.73145025095,-235213.27175068372,-244075.5842702527,-3.290944368188963,1.9896444953179802,-2.1222997674148147
730,1.98847e38,502453.5691332664,283943.2749885149,-22519.37176735381,-4.730959595883333,0.8818927354527256,-1.3130745737197944
731,1.98847e38,199085.61780864612,-232963.04748456628,-89949.63784370077,-0.10305427944015788,1.7226164370552637,0.1993354033901586
732,1.98847e38,-177788.97626614722,206890.7559480847,119785.44304007472,-3.4952250423757247,-3.154470162050103,1.3052032526772286
733,1.98847e38,567693.2284906444,720268.838407453,-112259.73092784967,-1.4074358990883509,2.5526449549815817,0.8610631870742005
734,1.98847e38,661850.8857186371,167095.32797507136,-30204.18660664786,0.12522438341905673,-5.030984544862822,-0.07630017307019865
735,1.98847e38,490617.9683944792,-79660.79867743439,9770.799496662998,3.852221743895929,-1.2963627954016919,-4.272351156259388
736,1.98847e38,73852.80557550036,1.053476422214583e6,531995.4007188032,-3.4763763277474187,0.7237153001118831,-1.045421198528928
737,1.98847e38,505812.27502068446,-46125.3127759831,-182393.76826718167,-3.0961049146804083,3.8517261465269086,2.2660450667653915
738,1.98847e38,360211.3644440449,172193.45230434992,-875491.0477559441,-0.7310898591869248,-0.5850863962390479,2.0390615862665977
739,1.98847e38,621815.9426978593,206267.76584914402,112726.07148856139,-5.214439260838596,4.643866025859626,0.05319580276897056
740,1.98847e38,736962.6854488793,-6141.69386371164,-64311.860831065234,0.9458639497621548,-4.519663048035091,-0.5025789527128502
741,1.98847e38,615531.0399232721,161925.89442549838,74500.3809269357,-2.766648429277888,3.522490076972668,-3.8871931191564277
742,1.98847e38,1.1924713702527045e6,938931.6994588857,-419847.5683228461,-4.711440882725663,0.5666903321818189,0.18040879938070606
743,1.98847e38,442641.5195464881,82468.77115911154,-15365.879062629943,-2.540711772680042,2.632915277160474,4.928494313814965
744,1.98847e38,387596.6316710185,145331.19697307897,138034.06465387507,-1.7764970880774187,-4.463359630959242,-2.3979767665359533
745,1.98847e38,215352.63206578034,493863.41692826024,-19930.401237475344,-1.2671782845575472,-0.16053417851224522,2.0219584741933123
746,1.98847e38,1.63455640496737e6,224772.08630808556,867262.9467640662,-2.606014808286195,-1.3618005283531822,-1.6413633501901588
747,1.98847e38,755631.8833883132,55744.560771287375,-61898.60670536095,-0.6053342718643546,-4.341987226519735,3.333110747404456
748,1.98847e38,555514.0081796441,298944.9432343229,-74178.67387226097,-2.5348834526675272,0.29267257279511244,2.5115672539002794
749,1.98847e38,555005.2482353135,-74301.06673946694,114719.31302865884,-5.198965394636847,3.216732345924397,3.785373823387832
750,1.98847e38,655845.0034729218,513251.67628136097,38725.42369142937,-1.6755230737096318,-4.46155766167124,-0.10199410330670522
751,1.98847e38,648410.6860900157,91216.82025909101,-139531.52363968297,0.8896333025334728,-0.806834654359205,-2.1811031015989886
752,1.98847e38,552697.8327262559,40631.76923981283,105377.49972602393,0.01092965949686242,1.7561312825954851,-7.576254612185871
753,1.98847e38,675975.1590646083,38871.53614601097,326316.6928842947,-0.8028271747856541,-3.6288071358478344,-2.139602482289442
754,1.98847e38,533418.8493347953,29189.436914798658,199286.35300763254,-1.3121829125417133,3.656324154631841,3.9367283566066513
755,1.98847e38,634042.7820845271,167606.65738797255,-27707.039469898773,-2.839666991537871,0.46862830835326796,-3.248267564365476
756,1.98847e38,924833.1435402789,-10261.943627455184,-165400.50280887957,-5.090180098814793,-2.965369554877046,-4.126854400633329
757,1.98847e38,701408.6035698486,140854.89599311317,-48035.59524373714,-1.8752209190738665,2.1744145938631867,-0.17819111709034774
758,1.98847e38,242085.86740249186,-25066.251132461155,-288783.9830458876,-3.3884650845382795,0.9441433745624487,-0.3387650358750575
759,1.98847e38,560140.3779788265,271977.83345087233,315672.26788779534,-4.374836586837743,-1.462223146739449,5.204014085188815
760,1.98847e38,355752.3522963963,-182222.04319214227,-296332.54238447326,-0.6089821682528624,-3.002793748682413,-1.2295181888862567
761,1.98847e38,374048.5251014562,-72638.74042234631,25926.206831038722,-2.25726470875069,-1.164459047416626,5.979274076374449
762,1.98847e38,193995.08987027063,-13695.332464801439,832885.2560370213,-2.8092454482745284,-2.240718609323932,0.7142869682016056
763,1.98847e38,621613.9124854857,303749.43114252517,68466.95298425284,-2.3070092180650605,-1.5652408645188327,-3.0645278098668562
764,1.98847e38,387795.7990238812,13150.895433244266,-255461.0425514833,-1.3806134610477365,-1.7405847792380478,0.616990732468966
765,1.98847e38,-1.1716726608955306e6,990272.797799701,-357827.8711186298,-2.9033025084784225,-0.6128561356852946,-0.13429954105135353
766,1.98847e38,643272.0666030757,149298.58253846687,105226.22779046229,0.43342439042101644,-2.673992017070908,2.520293646224788
767,1.98847e38,449070.86210748326,-93831.30536667566,332361.76875295973,-5.177433009085049,-1.866809651691897,-2.0061380287316255
768,1.98847e38,539259.1846744621,217785.61618619016,-125642.61238192226,-2.860951740038351,-0.22055637244483434,0.9280165474179252
769,1.98847e38,703467.7775670174,157215.02438487473,77778.56706130324,-7.597832403480974,-2.9327415680040336,-3.4300133527677525
770,1.98847e38,647227.8806348974,79469.00292493845,40791.98509983115,0.46928380369277445,-1.8835423729949703,4.120005807763147
771,1.98847e38,621431.7925718122,-175038.37727452448,-346724.7993704172,0.16704026237484504,-0.30196256196327065,-0.4392785379965088
772,1.98847e38,772561.2126185356,-80276.81744636325,-45324.721398751986,-4.932840062308077,0.4334452331660817,2.1559429173766227
773,1.98847e38,543051.5748230614,655524.3346099674,-27367.981111064855,-2.450342183119136,-3.1673516897126808,2.27567922234535
774,1.98847e38,805866.3262141583,-15593.779712048825,90411.1683991921,-3.7081726450359724,-5.091528850491722,2.0010814350404575
775,1.98847e38,736831.068415669,195430.81616455637,158746.92140216846,0.23610722304519394,2.4147561346500397,-1.983948867123771
776,1.98847e38,483602.15451504005,26802.35198616222,205516.8199741174,0.4264209735583666,-2.1029380245827425,-1.616249748195984
777,1.98847e38,725689.590758631,-506097.1528781899,-576135.6735749351,-3.569149330551701,1.3127316205013528,3.830599360893312
778,1.98847e38,408204.410694479,215285.0761978837,157396.55865889156,-6.954110679857946,1.7498055980611968,0.9101213410260393
779,1.98847e38,740514.0584301201,185417.0035288296,-309865.0546744202,-6.019971618483619,-0.2624049086981318,-1.0522820686248036
780,1.98847e38,703551.9352301874,152367.7266728539,144965.37898833412,-1.6662801170417736,-1.7126310375943317,0.437099253416985
781,1.98847e38,799191.5657226134,-272308.45183763106,-54447.14220824453,-2.2687282496728582,-3.1252729747426797,2.77282053891363
782,1.98847e38,221676.59996266325,579679.742911289,-357855.59552990115,0.5195208548864785,-1.1452480942763676,2.6974393236153347
783,1.98847e38,333744.74251631025,-44827.87971309721,126687.4735079832,-1.7790296978542672,-2.6879822122912786,1.0268159265795227
784,1.98847e38,591814.3843013839,238179.7146796473,-120065.44552522578,-2.5989389458076766,0.5136417659835574,3.1390885223716305
785,1.98847e38,798090.7373505181,40972.148476116985,-175301.56449550317,-2.9236279139724233,-1.5077442714528104,-1.1317389412496133
786,1.98847e38,570689.3347615019,20975.008963987697,116191.11077701613,1.0244924072003596,-0.6364163489802175,2.0283021650704662
787,1.98847e38,911251.9725957562,327836.5801638904,-54429.60529929207,-4.980803632506951,-0.29261244961796035,0.8959093638004657
788,1.98847e38,606064.8865783998,139472.5472361935,-104131.61035890787,-0.5327982555186019,-2.6394435425110334,5.352060028553653
789,1.98847e38,816032.3989981674,-165399.8889826439,-261275.78592197123,-0.14020704690100683,-1.6407580125212269,-2.870383457246018
790,1.98847e38,1.1436482406656186e6,37369.94178072992,644035.7881004679,-1.0609036236421026,0.3586565501686789,-1.4396635641873472
791,1.98847e38,814767.406637535,282368.2699064523,86612.41580869479,-5.408934668437477,1.1025717140935682,0.9511322206357307
792,1.98847e38,663548.5836610928,32177.463785857937,84394.19207215983,0.9965294191605625,-1.88448692410882,4.12476940008322
793,1.98847e38,1.2742390450771358e6,228517.38155669713,599398.657625903,-1.335916803365174,-2.352234809694497,-0.08549636621831357
794,1.98847e38,177358.06841138686,236941.8288592653,70398.42996434667,-1.730633046075393,2.249575490945637,-1.3197044563663825
795,1.98847e38,880789.6428545039,-33872.955805414065,-198948.25903879513,-3.0013377988890384,-0.4917458423152693,2.099809486998808
796,1.98847e38,1.167655752779992e6,-171202.46887616953,656895.5418262184,-2.3447470437922133,-0.5973989522010438,-1.299988816762148
797,1.98847e38,437796.65317470947,232482.55646805489,201980.86487192736,-4.0631448926386025,2.565263960150624,2.1780024091101904
798,1.98847e38,-818622.4875413149,-247978.56525508466,-775355.7574345394,-2.2495250962166917,-1.7723426209385529,0.9046422830674399
799,1.98847e38,670521.0597803541,435462.2701671365,226853.294697181,0.6567956424829235,1.00512510143875,4.07509296303071
800,1.98847e38,519482.0760817766,165147.41402336382,-89004.75512929494,-2.9916371111773876,2.5922437509652156,7.13574341254717
801,1.98847e38,831318.8679125212,-1.1844043919952458e6,-1.2083350777012894e6,-2.156059680363359,-1.0036509031299214,-0.8717583193551612
802,1.98847e38,499135.5128649539,357662.1645520881,-182667.67091261575,-0.5662069204664539,3.838416361591815,-1.9608396942912234
803,1.98847e38,-101367.73226978548,-104105.14079387879,-127706.39983420828,-1.3115743400773663,1.9020716115755676,-4.529092555199489
804,1.98847e38,-135531.0660298164,-983766.0207913474,-1.388142892402786e6,-0.3657156297457145,-0.41112111683054553,0.9853001618452084
805,1.98847e38,565233.2911783261,47588.726849253944,-131945.30634522808,-0.7233079556881614,2.3197763986443594,-0.8799919314613324
806,1.98847e38,529665.4381723213,203443.22770949831,34091.733014339996,-4.381916234185976,-2.941513541370859,3.926590625042402
807,1.98847e38,592008.422523042,-385015.3865709598,-208564.0930850384,-1.494343507683758,-2.1818803511336444,-0.8667168353668269
808,1.98847e38,546910.9143519716,-157916.95980368135,-19693.816204179962,-2.0305236631162127,-4.781403419745248,2.2535186222638686
809,1.98847e38,825601.8166613049,-683163.3224209878,-242546.38207019237,-2.3634387397863432,1.0324146314867957,0.33254162971307516
810,1.98847e38,630094.9510584098,305427.9520279494,112744.37341845945,-4.172704913297416,0.5975246019940276,-1.375122890143826
811,1.98847e38,485621.4707424342,-17166.514608395228,-186343.12850159255,-5.1234456332396405,2.4400857607728557,-4.435859203567681
812,1.98847e38,757419.2279885802,210523.52626417254,-203419.00296092467,-1.9147364328459417,-2.8757299694805454,0.31962858226931534
813,1.98847e38,674360.5174820692,261875.05224148935,-164320.556423237,-7.937157865751391,2.234246805879808,-3.8340880663199757
814,1.98847e38,523880.66041676525,61919.165520037626,106583.07203043047,-2.8757726230838303,-0.17835632291780162,2.0254813404634167
815,1.98847e38,687478.7044484774,249021.2274168859,-611262.9375563215,-0.15055204815398193,-0.4888562488276246,0.6866801094553612
816,1.98847e38,594172.2608983328,-54013.01731151523,70348.51308685291,0.7825198505978306,2.0550016668640017,-1.4623418162834056
817,1.98847e38,548361.7124144717,290426.4066308797,85708.39069312482,-2.763456532407024,-0.28434596941044804,-4.4244740298558645
818,1.98847e38,-143219.77578966343,-1.9439273567574366e6,236122.9495945754,-2.736975262395905,0.8989283039739311,-1.0955826109019433
819,1.98847e38,616847.9659399333,102486.4277594244,-4454.6884698343165,-2.561321181134273,7.76814507943354,-3.6703216951350237
820,1.98847e38,463933.2517602185,111274.59363440819,22920.943458392416,-7.527143388115743,2.7656570863173062,-2.3027785651035546
821,1.98847e38,476998.21408434026,183314.7125283838,-16027.433440905223,-0.566324919192954,1.3078033101579938,-5.158351109117615
822,1.98847e38,873117.2664575528,316261.5877551152,-176980.9014318983,-3.999701089580824,-3.9607612101209435,-0.6447252518132479
823,1.98847e38,530942.1436830461,-31295.454598869605,-49429.79286724144,-2.0501090917545213,4.2754439576886645,-0.36602402787430227
824,1.98847e38,143809.33625747054,-28387.64639531885,-204310.47988598415,-1.4875348500444665,-0.12236524990556916,1.299761009401771
825,1.98847e38,434355.4586372312,400228.6682797136,-207118.4896048835,-1.540571451566281,-2.6933940435585133,-2.73707819157422
826,1.98847e38,552131.5636669551,161874.10920881492,-38189.338909708,-4.335064998221709,0.41733421827165956,-8.428630970224607
827,1.98847e38,611738.4460284519,34683.832723852334,-207121.3411035716,-2.630248575268031,-1.8419172214211115,-1.9533811810623396
828,1.98847e38,768385.2607146176,-346396.1634673019,-389084.2541370474,-2.6214726423644508,-1.2079439951005086,-0.7048726611654996
829,1.98847e38,509711.71975152637,-132499.78759304056,-70125.81472646439,-6.57090129237951,-1.5939620532869188,-1.1536768236423165
830,1.98847e38,651511.8792938938,-9588.198152122815,122430.7711340539,-8.492161105501562,0.33456905600158093,-4.4186746916922415
831,1.98847e38,603112.7815771452,404026.85472876416,-325236.1602021787,-2.9261129255898304,1.1205279717039174,-3.1326105352204356
832,1.98847e38,538717.0971572421,236623.77579216356,-46018.0591281818,-4.530435039705749,-6.530488030332981,1.9352605831233016
833,1.98847e38,752574.322305521,245300.94658652775,-21879.351232111017,-1.6423023969732031,3.0252754511529383,0.6512444658796664
834,1.98847e38,727042.2179440149,-765682.0501531514,595289.6062647722,1.492108297747543,0.6390718480392136,0.8692518071439052
835,1.98847e38,299242.46708569647,441816.6288132346,241666.89450702214,-1.7251213280501623,4.079498832414867,0.15485616290781473
836,1.98847e38,650371.9673973786,309614.1193215882,280921.79980916035,-1.6396065905905912,0.8939279403858373,3.1630802406306078
837,1.98847e38,666867.1594766317,328309.29469956004,-237360.75396283166,-1.5623801822318226,3.2702861641554484,-5.609439641756381
838,1.98847e38,688250.4167806406,310197.2820130794,50126.917742106496,-0.4875174937386426,-5.187452010919963,-3.974396084492474
839,1.98847e38,699433.8078422117,-70341.05806566947,148443.81516291233,-6.114863695861718,1.0070897943288348,2.9746592359384465
840,1.98847e38,520825.1491565241,232770.25786357897,-224350.0356376784,-1.9683753817550445,0.23581538249215053,3.2655482955857016
841,1.98847e38,872376.0792804395,222984.92640880245,140026.9958920561,-2.698399145381691,-3.15128121940541,-0.32310812425997815
842,1.98847e38,578648.7696790914,155150.27643310576,119338.22931728628,-0.3922467643116345,-2.70395140776194,1.7876707273440413
843,1.98847e38,779272.1142644733,404627.16881157656,25078.903897531825,-4.961688299413847,1.246432488058714,-1.429903128239683
844,1.98847e38,304289.9462483357,-361461.15763507,20493.56010553136,-3.760567737497871,-2.0692864254586025,3.923057848913529
845,1.98847e38,139973.50800447137,-465308.68036674196,507011.16163702944,-3.155642985565288,0.006952903090871519,1.7254651519375532
846,1.98847e38,493886.2299069179,165138.04915749884,312576.3158160191,0.12131809601940002,-0.3676966192539273,-3.174303886298027
847,1.98847e38,-903987.5923570553,336396.66932138,-710283.2857847239,-4.555352929534639,-1.5785192041322846,-1.5232087714563913
848,1.98847e38,477302.0863336833,208712.2924259903,-191141.3815428051,-3.285095419983649,5.965210795730978,-0.3126663790584735
849,1.98847e38,517130.4802724271,-203332.0605332214,184309.9364985368,-3.6088143386884197,-2.189531904980202,1.1881856619269449
850,1.98847e38,327975.4887454212,296249.0108032159,32239.837697321,-3.5915953065883555,-2.21042698880971,-0.22716242094596822
851,1.98847e38,480132.28095895704,251273.2356974724,31432.806496677695,-6.202767047384722,-0.8346534842126979,-1.1320195470294132
852,1.98847e38,692732.9498277861,14617.360864617891,-5500.396430675793,-4.495024943089248,-2.5602208388457166,-0.29277419750269784
853,1.98847e38,615177.1924109175,145164.36121733216,-151687.26271571562,-3.9534936081840915,2.8692641087204307,-2.0612493528250835
854,1.98847e38,884402.7588298917,202660.83002970996,-419481.2926757491,-2.1848349770064726,-5.2405129339151655,-1.117348560360493
855,1.98847e38,528965.6674055938,106134.21907782453,4862.803938911933,-0.530757510049199,-0.7287495534400884,-4.619101607379866
856,1.98847e38,481334.08069489495,224241.92639827362,2314.9140828663176,-1.5457626380323868,4.101372154236554,-2.3608067118678657
857,1.98847e38,515410.0068460478,129337.42048044517,-44365.61227792025,2.437053339291378,-0.4835734827363013,-2.4342817120195734
858,1.98847e38,721351.8943265328,-68771.40036649068,-1839.139327648727,-4.058030215430021,1.115618314200161,-3.3226853077025362
859,1.98847e38,400277.60589120386,294988.8915796188,-160245.34743607772,-8.298181224203095,2.4260440763485094,2.3254460166207833
860,1.98847e38,518186.3563860531,-161236.0446962301,-159210.32435432018,-1.2928655998687244,0.04685915308571851,1.9176126437899503
861,1.98847e38,611643.5532914936,118139.9453571775,154129.48933076498,-2.5826697518365913,7.5267307902358525,-4.082711085539277
862,1.98847e38,495203.5758587853,-198302.59817897953,-204345.5818265952,-1.8800180499393275,-0.10994281074598687,1.9059243907246741
863,1.98847e38,782738.3799793546,286494.13815862057,-48657.25922012382,0.7308857564936599,-2.7657453565560037,4.797720273519444
864,1.98847e38,115449.01733825065,219216.51847279965,593512.4225924127,-4.3892334545564236,2.6324849318168844,1.7226154732300394
865,1.98847e38,564133.9555140511,194785.6255616883,-36604.89732729307,-1.1611361939631486,-6.878816172363631,4.2032517963966125
866,1.98847e38,221157.89914764673,436969.22574553627,-160478.71242257569,-0.12882386949239288,1.9372618657555127,0.9289771012575289
867,1.98847e38,535128.5161212452,89537.38929435796,-89135.58665075361,1.467041522967861,-1.571223788588898,-2.008091947946204
868,1.98847e38,941649.3591939822,51025.731966782405,-82188.4863031887,-7.2841284464643685,-1.2676004946024217,0.6749803599931411
869,1.98847e38,506820.9388103822,87530.76859519636,-53170.79654557762,-3.6617272288800065,3.1071907785113186,-0.8777073019087832
870,1.98847e38,355989.31126230874,98053.46853810434,-218699.96783725347,-3.9801386736975757,-2.6597114310975662,3.1344187415866855
871,1.98847e38,542850.9633398429,53689.21186235316,-57255.92798251461,-4.990791460319507,-0.7305142659529246,1.183116042212486
872,1.98847e38,581796.1030562839,193983.48583110014,391253.77571508515,-4.478922671695312,-1.0010100534052293,2.6579137995924613
873,1.98847e38,501589.580280476,303403.9083218772,-135356.18061899146,-6.343273965262577,-3.214376993047808,5.42095015721174
874,1.98847e38,676457.1586096933,-112411.26244579855,-96464.20689214588,-0.5719535312180384,-4.653075420129597,-1.6776348813724875
875,1.98847e38,809408.323663082,239281.17770137588,335210.41962737596,-1.493951082024772,3.171447856480709,3.376503580409227
876,1.98847e38,809036.1423553659,222187.11741969953,501037.98833811615,-6.192979776428133,1.1305157510831934,-4.021293775251564
877,1.98847e38,835484.8710557914,-75976.20079461369,20274.724963148816,0.2983014061215772,-0.9660873913622161,-1.1361438567618614
878,1.98847e38,883846.2713405455,-428765.1582911465,55304.14271996055,-1.3056432091290506,2.7834490416575375,0.6919980064646859
879,1.98847e38,499228.55113301694,-194319.6733474717,-109694.41246007444,-2.2717518611690677,4.2498117793427275,2.890241362403649
880,1.98847e38,889219.8264443037,-396008.3886546572,269845.2778596056,-1.847866378887915,-1.4441770718510767,-3.346083246503052
881,1.98847e38,621857.7565288049,457103.6377018619,-353745.45652870205,-7.199776156469271,-3.0609118979875647,-2.035594639645563
882,1.98847e38,629592.5505060983,452559.4216318699,-60513.84816486816,-4.747099685514701,-1.7630885496287367,-2.773806426370882
883,1.98847e38,851160.1946292303,105417.77483999293,-260949.47114230943,0.1670126757339374,-3.2461602109931027,0.3198579347755744
884,1.98847e38,583610.8374846803,71996.86226391564,157251.04157763883,-2.653921259298833,-3.850761773969132,2.607493578127445
885,1.98847e38,643139.351976088,193724.60388207197,-190183.7781132051,-3.119216773550044,1.2970432727971446,-0.5797402510641557
886,1.98847e38,295901.04160779394,-596176.180044935,-143557.53329427922,-5.690183968921654,-0.1340213843215865,-0.7119670620041146
887,1.98847e38,190272.8546079197,488289.06192152394,191243.1854079341,-2.9816359808330843,-0.2034751859121433,1.7714774520069636
888,1.98847e38,429750.15994745254,316214.6610059399,-315515.96540077886,-2.6490030766588726,-0.7783198062619956,-4.039898682723207
889,1.98847e38,470995.17129506794,-151094.347348955,-140379.7402216258,-0.42875627609185596,-0.07160094549237264,-0.9525871066330269
890,1.98847e38,785048.869050866,190106.5506759705,23408.412658182016,-6.6511838098913305,-2.15002787679029,-2.339446822905115
891,1.98847e38,1.108236235241441e6,385799.5068111943,-29774.74632138443,-5.731245020844117,1.2350067612727749,-3.500597651910054
892,1.98847e38,-133779.0956352225,-843700.2653675815,-290754.97697258246,-3.789737803491475,0.8403227677490981,0.7352259394943068
893,1.98847e38,859544.381204487,480279.50817109144,157922.3753720527,-5.672095667427122,-2.084723259484687,-2.6986228142376922
894,1.98847e38,559523.6886471106,133762.97945776206,-62324.62260467372,4.2731489035893855,3.5868028245222363,-0.1778647596608089
895,1.98847e38,729863.6946700155,12149.23843695983,309375.74463567854,-3.3948318808864486,0.4070495285862701,1.1938776089897947
896,1.98847e38,997822.9851680242,275230.8384746022,-256010.42467900392,-5.486289455425764,-1.4781175483868334,-2.371429600912275
897,1.98847e38,456208.62312738353,213104.3885633819,-20433.44707820159,-6.56000603438059,0.06925090958234897,-5.576928217734374
898,1.98847e38,627219.9238228926,56379.02579436278,103968.74363994693,-3.996984109784457,3.5970150202401316,0.43353143593849053
899,1.98847e38,1.0624469083214912e6,333729.7860456313,-239161.6951039426,1.3791766830835184,-0.9276268278253454,0.31813195581648607
900,1.98847e38,465234.77159284323,-90219.05413323033,22112.28823803092,-3.5769711769596855,-5.432375418815922,0.5500653289079304
901,1.98847e38,572959.3220504066,150513.7269551169,-22199.416917121973,-2.0794324490547793,-3.149478741015395,-5.498505708916305
902,1.98847e38,864858.7704886927,189436.83575890044,-2216.4478491623704,-4.107882331021001,-1.7066904893097234,0.7388862400545875
903,1.98847e38,650377.082172447,300482.5704489714,-149854.32896753465,-4.559042427200806,1.1248405900664475,2.0262856855392686
904,1.98847e38,627106.7378871731,35358.07351905212,-208376.62140498744,3.4069731360882196,-0.36488831877996714,0.7213615088085858
905,1.98847e38,881768.2974979603,142651.84809999165,-132574.85374432642,-3.0229594143499687,4.143928624632951,4.809277846806319
906,1.98847e38,556102.9663598711,1626.7874693658669,75171.98015813141,-3.9982534953571456,-1.437028980375408,2.712363668212039
907,1.98847e38,362046.65406944894,79342.28163975282,-252031.9557547439,-4.176848506061422,1.2753338993376235,1.4681273206216077
908,1.98847e38,519623.84180653025,-1.0753147821638281e6,-87587.3144478942,-4.230367785270023,-0.20432893823356782,2.3250748943365442
909,1.98847e38,469170.5937457781,374037.0117953643,96694.49356786297,-1.22340256797177,0.5414375917462484,-1.5918570713480895
910,1.98847e38,595218.127890703,294120.038984551,-67705.9759170661,-3.707062136160764,-0.21488844025304854,6.671184856914643
911,1.98847e38,1.0541231021865802e6,17476.071913859923,-494460.76014978427,-0.860486554571978,-2.061221945930898,-2.554805985270943
912,1.98847e38,319953.02778245695,482631.3723774814,209218.2446916766,-2.3994475508742275,0.2139187962566835,-0.018082038001287867
913,1.98847e38,674778.8077980931,714358.210364882,51481.53092429407,-2.0122103497315003,-3.3747838889548687,-2.2292877429339595
914,1.98847e38,614868.3078861719,94614.28163925809,-43917.5555776206,-7.940433706266256,-2.2845100515788253,-0.4585865855576352
915,1.98847e38,739122.1139289805,267102.1398067928,-17065.744697687256,-5.014689761247128,-5.033546062317842,1.4909298185179307
916,1.98847e38,917101.786250127,1.0526035561694205e6,-499082.84928591177,-2.6662232654175013,1.4325719322826669,-0.9187422873043967
917,1.98847e38,560828.8432027098,-33025.6752832591,-1643.6618837163599,-1.2369858210005455,-3.274765300902888,2.6256729554866953
918,1.98847e38,1.0479590122314537e6,-372371.15000582667,-76603.22330061588,-4.369774106325775,1.4547965414463992,-1.8097409414688963
919,1.98847e38,745551.7479131639,447028.9073155749,-164842.18672540705,-3.6955183735633854,-3.5652266510408106,0.29347321846978647
920,1.98847e38,552547.7128755447,-28839.939941990597,2413.7411145518745,-1.2694364205170805,-0.25586196781685683,4.213752525691548
921,1.98847e38,577789.0630765557,64229.23201584877,140827.51157259446,-3.7951502317621673,2.198165887195565,1.8799980585191316
922,1.98847e38,586075.6989595755,-20492.71057643881,226423.00574645994,2.7725823103415355,-0.5847888031316713,-2.122702547738257
923,1.98847e38,595813.7704907672,147866.78639768984,-94210.53291279962,-5.773480836139586,1.6114481919244397,-1.130623291308002
924,1.98847e38,668937.2824541088,70960.17426883268,17698.112978533813,-1.558723120469773,3.417972168419245,-0.7873923860630253
925,1.98847e38,576396.6193118896,-641941.4465531314,30872.436818056114,-2.358461298002479,-2.248942572025845,1.2079722424143626
926,1.98847e38,454583.988431984,208556.40468279074,16371.498834599124,-4.316551724132549,-3.8880889503155145,0.9193073203143799
927,1.98847e38,541166.3482382785,109052.32110210993,52781.20106065455,-2.3107683965747357,4.8401729874443085,-3.262488513635663
928,1.98847e38,-80317.23852697399,414646.1007582018,150690.7063543777,-5.845160428887061,3.403760379639691,1.6056795915510564
929,1.98847e38,977755.778078583,431491.4495557574,-216085.11549893528,-2.201430560818673,-0.2618301442062718,-1.8403492659058147
930,1.98847e38,658940.2948446546,105165.7146578604,-38848.389868700484,-3.363504788836763,3.5504571423523648,1.286485177610761
931,1.98847e38,556193.1860241093,57477.908759130136,55519.738547282424,-3.4164347781063125,-4.817078121076715,6.420627689317369
932,1.98847e38,505711.59130997973,299994.4160330866,90577.28126008889,-6.056034029702538,-2.35468740781491,-1.4111697239614258
933,1.98847e38,528498.1333083404,66151.16409262472,-220282.69993062655,-0.1478455077111982,-6.183060202453627,0.5648166243012186
934,1.98847e38,666715.6185644487,310318.8520754432,-257795.11666533537,-6.690716235794972,-1.5078722287148387,2.1032285309513634
935,1.98847e38,1.2806725869949854e6,-307324.4323544134,-363564.11305152014,-4.736935486801196,0.741637060616547,2.5525816550137677
936,1.98847e38,896214.3153134158,-3433.217498662707,-95241.98217115024,0.5970038398688295,5.160113264262754,1.453130549226119
937,1.98847e38,664191.5031402819,166333.92365665472,84332.56922485119,-4.707169502678724,-3.380619140388062,2.1414497648328092
938,1.98847e38,495349.90549165866,333446.69576315046,251899.91558677074,-1.7903158230394145,-2.7297580974867937,2.0062391224058786
939,1.98847e38,553637.6820524472,223840.67473848574,-104950.51690879645,-3.4556257566996376,2.3758559418840073,-5.699942096983192
940,1.98847e38,503662.9388877654,146603.08122672737,-35625.939943892816,-2.4447517016127094,-4.961283513376656,-0.03092082344926966
941,1.98847e38,506769.4382796731,177305.4902070782,183566.53783971374,2.901456743900246,-1.1061331718300598,0.44327689156212646
942,1.98847e38,746929.9915662776,-202.20365137676708,-3932.761360421502,-2.825846987056316,-1.8843569511108067,4.155614522056173
943,1.98847e38,817862.1974900683,-28710.573050226318,104234.22760068912,-1.8496577800186667,-0.9167856159828447,-2.6857534275135024
944,1.98847e38,794204.9405771684,78986.67854231888,-80877.46498033655,-1.1259707109872155,-1.9177356862315138,-1.289986890640631
945,1.98847e38,439655.1860905043,738748.8820458903,-130783.6279611775,-3.590517403631143,-1.8634146265497056,0.6560194161969413
946,1.98847e38,335140.85102467204,638465.7038258015,14350.277244301717,-2.9755545941054424,-3.4726470265198497,0.32380353633773606
947,1.98847e38,264424.5663919123,28424.087508321274,-100442.85150407618,-5.476070097397277,0.7359575851147627,-4.443795517155217
948,1.98847e38,671503.0143560043,-76354.20083687146,165624.8838967568,-6.547932831375559,5.4807997854699275,-2.1698638727278383
949,1.98847e38,1.834248732437556e6,-873096.2810342461,758678.1475240851,-4.8397855135378745,-0.9711058881319319,-1.3601073556871666
950,1.98847e38,648769.6613823473,277392.9674005604,-217683.10571120065,-3.0673850012312203,-4.242670575779568,2.6698462051725755
951,1.98847e38,618478.406527037,57876.986332502594,-165358.60603140405,-6.9242181648685195,-0.8939713631496858,-3.597478678351203
952,1.98847e38,286710.68592428684,196240.80781550216,57891.97045649686,-6.346560177504413,0.03948619608158958,0.36726892627915736
953,1.98847e38,320957.4816922822,176924.65249080805,136556.38947833798,-1.7073950230842088,0.1114309932363736,5.2308728376752915
954,1.98847e38,639097.3471632614,94621.54561284423,-24285.3895840072,-2.1401617950178298,1.0991327343092046,4.5780342265063165
955,1.98847e38,331179.6754924747,327385.9232373647,-106922.99660054542,-3.6692106960860715,-2.1535411256453942,2.034421774898933
956,1.98847e38,707304.0058760436,570820.1061950459,-176935.57068497292,-3.655427996095999,1.5144959399392326,2.893234629905497
957,1.98847e38,665663.1453534487,37429.09099212695,-210131.82422629496,0.012488375119622308,-0.7820169209960621,-3.2953866240406384
958,1.98847e38,612126.4931375008,94046.43838768694,-218355.82374040087,-0.8135412549909076,-1.811274765144935,-1.3432960254152184
959,1.98847e38,587510.0214033495,253888.2717484559,133392.3505679295,-4.7447826475831585,-1.2681354889449223,0.5729784666270875
960,1.98847e38,747184.055955697,384658.4322189813,42267.007696507695,-4.008460319810698,3.8972794248507703,-0.30714785151171103
961,1.98847e38,558177.3661769455,88569.38811062442,79449.46467248394,-0.9305585887244743,2.12709337857253,0.935270839187166
962,1.98847e38,432463.15823596274,9797.086575684283,-8195.611335764306,-6.205932466828688,1.3917683021425369,-1.5830430947338943
963,1.98847e38,866969.5727548118,-52074.5179248582,-773357.6419828312,-4.237022122154387,-1.8830796531446647,-1.9272207252617408
964,1.98847e38,791750.5521539522,218458.05416596454,175955.35274263352,-4.634891445136606,2.5555232361444,0.29346377863105266
965,1.98847e38,477956.03298649157,127376.55160242593,151992.50717200153,0.4756100889371506,-1.5034491114648294,5.187839452586346
966,1.98847e38,629563.3810361851,162627.93063395645,-98416.47290774909,-2.3415539388687847,-2.4035457888816856,-1.4543346320424373
967,1.98847e38,611585.7914597952,49602.34701582328,46131.69818177723,-3.5697449685586045,-0.4627056356834832,-1.5339625583320682
968,1.98847e38,1.3970139775688704e6,-152122.29931796342,-572795.1976573126,-2.813776474888132,-2.650760491186273,-0.28558062780699267
969,1.98847e38,802062.2227382578,336720.16499758465,229703.70655186847,-3.1334343919502894,0.6524928289423505,2.0183670749532157
970,1.98847e38,986246.1918634868,104811.58762618546,138053.10460824837,-4.896589559535856,-1.9516425028871198,-1.552559361526217
971,1.98847e38,734211.7783344053,-13184.410923644318,-81220.78553633342,-1.1070331477027482,0.5097657785725225,-0.08843141920461654
972,1.98847e38,1.1484914419978592e6,-80849.31012073488,231672.30766322266,0.5495134891299434,-0.13117724244249312,-2.5364342058844462
973,1.98847e38,618626.400566619,130870.97412301658,46417.4765867488,-0.4958537594814416,4.985528478823198,-0.6726309509369862
974,1.98847e38,932664.9857560822,216261.52737257828,-41270.09220044525,-2.0053374765299505,0.07617042634149215,-1.1012721272220567
975,1.98847e38,935534.7894255029,-266858.27862314443,-500003.27509418543,-0.634344522927438,-2.0838758947774987,-0.8801993280170713
976,1.98847e38,682859.6970711205,108472.18464004213,33690.830020458736,-2.038305185081385,-0.8053370821309215,-2.615228570312059
977,1.98847e38,682025.6282546379,189905.0282852525,-163818.27950037338,-0.8873454787254627,-2.344775495914161,-4.412988347894836
978,1.98847e38,66524.50173738296,151836.19609807612,88816.35187275612,-3.562846416112841,0.5808708671383057,-0.9971357742989574
979,1.98847e38,72529.34096870711,-688592.1984317062,1.9267574982860333e6,-4.197093439288418,-1.119550283474849,1.9088484781265056
980,1.98847e38,400609.67981940845,87273.6068155736,45183.251382217946,-3.902091783393402,-4.798242289462974,-4.048194661137938
981,1.98847e38,691102.5030517892,143138.68308080538,-102840.11234771386,1.6955063626846005,0.1829921661140902,-7.173676570550203
982,1.98847e38,-1.3370847481191684e6,-728533.9264357798,-1.0074919376996033e6,-3.7572018912130383,0.7586510882222832,0.02293544456087811
983,1.98847e38,561411.5495741622,121289.25789163352,282090.21267537907,-2.587530075467721,-0.8336674254461603,3.345728387597264
984,1.98847e38,811426.1522232495,-295589.18348484713,-73133.47407175433,-2.5482885716013364,-0.7064143565550626,-2.1250533278841597
985,1.98847e38,463647.8507226238,310837.2925406076,205756.95728396007,-1.1521296326417552,-4.400038418958128,5.235853964376333
986,1.98847e38,3.7624336976872e6,528132.171678754,1.9193493680977644e6,-2.483258292369326,1.206786691437073,0.597978407725819
987,1.98847e38,526838.3412756668,197056.69759897658,234837.32920429713,-4.440501527106587,-4.497404487341613,-0.8684077739141226
988,1.98847e38,660198.413327496,204588.64590702235,356132.10394546896,-3.282224066798455,-0.23706507293859289,-2.7862783008571443
989,1.98847e38,851739.5109703178,257241.11226526057,-10824.962811694873,-6.997676489120686,-2.6885545765135532,-1.9246357102447
990,1.98847e38,809779.8828368245,156029.45613408604,-54557.00169329516,1.6929476826785743,1.4887068051692662,0.44704025914443407
991,1.98847e38,563633.6649106921,94526.93962842494,-9060.895957022745,-5.709104770538971,-0.20901795757222277,6.305738070096123
992,1.98847e38,699465.2779759575,142432.65672645677,-95849.27573960122,-3.490267033168089,-2.429303620438635,-5.099715867050597
993,1.98847e38,676399.55744399,191667.7294521788,6376.782437916727,2.9146270555589595,-0.43901962565162495,0.900414437881801
994,1.98847e38,568133.4947578373,150955.0319916438,235439.3231914664,-4.102873816029002,-2.834669134003295,3.8583954045453077
995,1.98847e38,721827.7123816686,342996.95742585114,-36875.28878827992,-2.721223825310876,0.9467718330160255,1.5190280544308115
996,1.98847e38,671791.5002621525,201277.8487084833,139392.92195354792,-7.053877157575665,-1.3319976184134437,2.298476691446918
997,1.98847e38,687373.9320394642,111227.0115897523,-105146.61584369645,-1.4694625953975726,-1.9411172926990456,0.37081035660330863
998,1.98847e38,447540.72092904616,62417.078571182836,-6876.230209473636,5.80343756735107,-1.6501310563214762,0.2684550077162279
999,1.98847e38,844309.7002462203,242672.4359488291,-66970.36688318897,-3.9394388023004803,2.2636500100543713,-2.037503833790774
1000,1.98847e38,613557.3272667197,208433.54745007338,44427.94918622606,-2.2160624650891934,2.1109416687886005,0.17772848602262292
