id,mass,pos_x,pos_y,pos_z,vel_x,vel_y,vel_z
0,1.0,-1.9753478028464568,5.289557960342599,2.794115019259776,9.384485372474245e-08,-1.2912994119834885e-07,-9.140620462407841e-08
1,1.0,1.9129687031194054,0.8685674098914322,1.853297688785538,4.378698688442361e-07,2.2759876661871826e-07,-4.926658641731009e-07
2,1.0,-0.07950783098230452,1.0521100829173438,2.634535293279675,-5.172433668220978e-07,2.607524670761658e-07,-3.108379975489488e-07
3,1.0,-2.0138726319486215,-2.2036370123061273,-0.7011504436601703,1.0341153675456663e-07,3.024944099095705e-07,-5.434385718571702e-07
4,1.0,-1.6124472099945695,-5.497562758288109,-0.1337878434509126,-2.4127516559799423e-08,2.011006886709101e-07,3.47387152810384e-08
5,1.0,1.9960399948438374,-1.4682829099720573,1.4584237909390068,4.81096083765903e-07,-2.1700756076879098e-07,-5.795009238851899e-07
6,1.0,-0.6196546701618418,-1.2986956559009848,-0.4395615032461568,-9.225814770211093e-07,-1.7238975945028335e-07,-1.234307694201304e-07
7,1.0,0.8241596065299359,-1.6444253163670564,-1.4750343979119211,-5.102506205593447e-07,-7.154834670869104e-07,-7.482684639618405e-08
8,1.0,1.909587182388882,-2.4039085448479103,2.7049245400783692,5.019227203189176e-07,-2.156043843115581e-08,-1.200812826727692e-07
9,1.0,-13.01019686532382,0.03061701496622888,-0.04857911095176892,-6.289667773711296e-07,-1.2638863500040597e-11,-5.952762020853501e-08
10,1.0,-0.762708934649144,0.3334481357964673,-4.053675845550309,-1.7779833862021414e-07,5.074437293692285e-07,7.168439935786099e-08
11,1.0,-0.42179012176894937,-2.0083189958768086,-0.22548010956789027,-7.789340287373669e-08,2.2186865490465057e-07,-2.817172448367049e-07
12,1.0,-0.614259168710752,1.9566347881628885,-0.6550677262572449,-3.4488139525939683e-07,2.26273207830446e-07,-6.082090069264379e-07
13,1.0,3.338777488324462,-3.5374025325193346,-1.624230254056802,2.9392649581235423e-07,-4.260998496695691e-08,-4.3436094350537703e-07
14,1.0,-0.4455991780315378,-7.314959582681694,-3.505426816698299,4.9270413325153906e-08,-5.33694681717408e-07,2.2016930677683005e-10
15,1.0,-0.7425326880390613,0.3902353832069831,-0.9875807411356758,-1.2845643289080764e-07,3.0248680631543863e-07,-2.901579716970211e-07
16,1.0,-1.498491148450728,-0.06482829687482376,1.8859406207087162,7.896636242576125e-07,-4.488775984085793e-07,3.058848606898992e-08
17,1.0,15.585713806815297,3.2421495798507873,-4.078391123586477,4.104219700564307e-07,9.236621602582832e-08,9.596594214020983e-08
18,1.0,-4.363978283680004,-0.6502359626020282,-1.4849733881864497,1.3103969254711773e-07,3.6866480712805575e-07,-6.063479526233857e-07
19,1.0,-5.703811376082552,18.306139090212525,17.514561089612858,-2.312812633636515e-07,7.582644730078213e-08,1.5642208394459742e-08
20,1.0,3.3075740828013975,1.1193829211013466,1.0251289950625402,8.193720087382154e-07,-3.5297974550904145e-07,1.1884931018891441e-07
21,1.0,-0.41584270504946397,0.06800500469811097,0.6180043071352064,1.9537950209338593e-07,1.8947033407544206e-07,6.578724828028554e-07
22,1.0,-0.13552794807499993,-2.639126917721344,-6.1667996679291,1.3345411152366412e-08,-7.940767459310923e-07,5.50931965344548e-08
23,1.0,-0.9693117513057954,-16.42279863748622,8.75850966155997,-3.0887744514099535e-07,9.270969063455239e-08,-1.5288137733723323e-08
24,1.0,-0.9258453639991528,1.135152599648855,0.0672905047168454,3.878721233976122e-07,-2.682435884760583e-07,4.3224337876297386e-07
25,1.0,-0.19383544621236515,0.7279088657590133,-0.18704360340047593,6.382687275994716e-07,5.804967773604936e-08,1.162155095598081e-06
26,1.0,-0.4763862927164727,0.6735035893970736,2.3564195762154387,3.9154057089434696e-07,-5.189992215513135e-07,-5.219243796625019e-07
27,1.0,-0.4095376254721711,-2.1153980908309773,-5.0316790789525365,-3.325235483866157e-07,1.1167239403936774e-07,-7.737629612874721e-08
28,1.0,2.498445070366695,-0.5167098110405577,4.27849677464869,-2.546056762203161e-07,-6.312914900856341e-07,-3.689220308725457e-07
29,1.0,4.951756321834107,1.512453827947257,-0.0007336171529178925,-2.3362569652589818e-07,-3.810074535916383e-07,-3.6353953410896977e-07
30,1.0,0.48689302088185343,0.5327731053271907,0.3520480772043974,2.3159517617755683e-07,4.127935753456624e-07,7.115435120177666e-08
31,1.0,-0.6762832494946996,0.3534273729333155,1.1619996263246437,-5.041063269973291e-07,-3.117185114941442e-07,-4.309979867891595e-07
32,1.0,-0.02767866653434717,2.238989844732963,-1.8117248987074308,1.9229166192851768e-07,1.3476400718114906e-07,4.663443743200676e-07
33,1.0,-3.463466330475473,4.394144935128377,-6.543218683436199,-3.910644971121106e-07,-3.9807294979856527e-07,3.4707557003632176e-07
34,1.0,-2.6371147099001444,0.5854915740022163,-2.6430044796926673,4.345306695008862e-07,1.0061649273022119e-07,6.047809903547978e-08
35,1.0,1.9783825174846446,-2.3548367842265816,-4.0700654649366825,-2.205419408992381e-07,-2.332920964819523e-07,-7.819280702335896e-08
36,1.0,-1.3632683392801275,0.12969836908111945,-0.19549789768142795,3.5623497593720284e-07,-1.0311013237157015e-06,-1.6752970074502693e-07
37,1.0,-1.8721219342399285,1.1043952334815967,5.332597920362207,-3.2897366486050534e-07,-2.7008794312687756e-08,3.531492819144238e-07
38,1.0,-0.5242036089026992,-5.1197288836880235,-4.825260477531698,-3.3515276909532775e-07,1.8270255332474487e-07,-2.3771709100156875e-07
39,1.0,1.5570392462707268,-2.6662164032263775,-1.8366397462321202,-6.989455384219798e-07,-2.1982187857193396e-07,7.37171730419455e-07
40,1.0,3.878349696067813,-3.6614644397359535,-1.378299683175775,-4.0060373687657335e-07,1.408611702140101e-07,3.1814186737185224e-07
41,1.0,-1.976704833797491,-3.443262221151609,1.372640168705247,3.1602776733460385e-07,-5.22069133937292e-08,-7.053173738246245e-08
42,1.0,6.6822576191133125,-3.196164396092223,7.280117814446755,7.804641731409469e-08,1.3508710337707233e-07,-2.2074600269312073e-07
43,1.0,-2.7022312132333246,0.5764339103211058,0.21324928405813523,-5.296687451311438e-07,-1.5987038287499056e-07,-8.68347131258777e-09
44,1.0,-3.1327174129848254,-4.38898434412109,2.8366951369551323,2.2073266005620422e-07,-2.214858756112611e-07,-4.3435055041333837e-07
45,1.0,-0.7723674292932916,-0.24259107371479752,1.3686990098223881,2.9522391883008926e-07,-1.1252786807423528e-06,-4.4924768364490917e-07
46,1.0,-0.28682159486844444,1.550859377811143,-0.5810698372352281,7.424076909594465e-07,-4.741682161616591e-07,-6.07116284051644e-08
47,1.0,-0.6223876779763795,1.3344811324559773,1.7077726838801262,4.148497810232564e-07,7.467178484012579e-07,4.2384332566957193e-07
48,1.0,7.121651956688305,-2.3213713209993636,-6.4185820450156355,1.3019482319679448e-07,-3.971702869170082e-08,-7.664456541731723e-09
49,1.0,2.396686056814751,-1.912629367828702,-2.8201039367643146,-1.6555775339702847e-07,2.486575679118421e-07,-3.04777119022129e-07
50,1.0,18.51396121015034,-0.834158942489272,5.9162694468579655,-4.190602128918635e-07,-6.328095532317252e-08,3.6101097352241203e-07
51,1.0,0.7744209620386397,0.15366084447217546,2.88581062433072,-3.087463134893558e-07,4.575563047379387e-07,2.634579085357765e-07
52,1.0,2.005089383857591,-1.0332074038086054,0.7044524788756188,-8.233373851209673e-07,-2.5059839087440428e-08,-7.167371326584118e-07
53,1.0,4.207210370251165,3.8651099973851712,-8.942976728956896,-1.993755580295497e-07,5.649286734022085e-08,2.6915247703427205e-07
54,1.0,0.4432160895403568,5.42154215251928,-3.2502767003158044,-2.52293991866162e-07,-1.9769072045807037e-07,-4.71170038265429e-08
55,1.0,1.460928619780471,-0.5733770172989054,0.22634547023054208,4.219447912301718e-07,-1.0023601902375177e-06,1.0707186398978868e-07
56,1.0,1.6667062489067435,-1.1102889477328322,0.14756251282925598,-3.9624679222550037e-07,-3.468925123805422e-07,2.2445824710034885e-08
57,1.0,-0.48487332896422153,-1.2739927935301691,3.8369634520945706,1.1315287006947602e-07,1.807611404898094e-07,-3.8060673567593243e-07
58,1.0,-3.8946663057965525,-1.2918573202061443,-2.545462873524896,-2.558228953734872e-09,4.300531354103253e-09,-3.663673660150872e-07
59,1.0,8.21231373111719,2.994196847165064,2.188407113323214,2.7973147789284387e-07,-3.395666047509192e-07,4.9764266682818385e-08
60,1.0,-13.327474023236213,14.023967499806119,1.5702448399234954,2.2803040191688935e-07,1.3283201054861534e-07,-3.792933539277723e-08
61,1.0,-0.38636941017015514,0.902907227452147,-2.087225089502253,-1.2613059303447085e-06,6.68805379688262e-08,-4.719750249742239e-08
62,1.0,2.608124269386545,0.720498673641914,2.2175134644110277,1.2183302332130052e-08,7.99376399443783e-07,3.403256635049127e-07
63,1.0,-1.1907947703125052,-3.2226792432462523,1.4292605676919397,2.543491091656734e-07,-1.4390892140620087e-07,-5.154298453961263e-07
64,1.0,1.959559554296316,1.8552265090393407,-4.676380142930158,1.9466316153883048e-07,1.979310931549303e-08,-6.928765853660236e-07
65,1.0,0.6035818212330677,0.8193317612308327,-0.12402861230778855,2.788706895453385e-07,-6.42445820372353e-07,-6.117888545459573e-07
66,1.0,-1.3826073205389715,-1.4544781879313113,-2.603112552817745,-5.334841384047318e-08,-2.436452733716736e-07,2.4616028525968156e-07
67,1.0,-1.7462322972164062,-0.7473913574289611,-2.0837834640312285,6.484338907728411e-07,4.6134531224080895e-07,-1.101592397950759e-07
68,1.0,4.3939948490789416,9.846946710975125,-3.4304188487101652,1.1574528647802748e-07,5.448446046068602e-08,-4.922002175066933e-08
69,1.0,3.670665118870546,-3.8594362726269646,-2.8929137851325692,-2.113317717171141e-07,-2.709442742274873e-07,-1.5392817115097708e-08
70,1.0,-1.3952567762367145,-1.594444066434843,-0.5613960883356031,5.874307714028265e-07,1.896596540942416e-07,-2.4400339915319905e-07
71,1.0,-3.6259354762803495,-1.421147948307763,2.2705458835275762,3.3964373983802465e-07,-1.525881078770728e-07,1.8127749026460748e-08
72,1.0,-2.1107624313634545,-2.6389065972689507,-6.908399880434594,-3.0748653499200924e-07,-1.7831943327112638e-07,8.61418969091102e-08
73,1.0,-4.363791044583504,-1.9926954499923624,-0.9363504956803903,1.5715239167699558e-07,-6.463611188567622e-08,4.571305492907005e-07
74,1.0,1.6611154626037732,-0.5811485058082088,-1.693777238518163,-4.854325739644358e-08,3.3574654868079655e-08,2.871845964192214e-07
75,1.0,-0.9928555028872221,-2.1805472356567153,1.4944547786109033,4.1386840250122265e-08,-2.8792384703205678e-08,-4.2662247887550785e-07
76,1.0,0.43756337851439275,-0.6841404086462805,-6.992615850868617,-2.1934505996197424e-07,1.6444200737695982e-07,-7.628959005082196e-07
77,1.0,4.647205977646058,4.634973392103,1.2753997289188808,-3.6179120882485175e-08,-5.267100339355082e-07,-2.9333868015888663e-07
78,1.0,10.374366676480811,5.953815621188185,-0.7582827602035307,2.705937269914616e-07,3.8109387111605096e-08,3.985090924674304e-07
79,1.0,8.643847279418203,0.1341027854469957,11.515026862266419,-9.462247152304205e-08,1.2329547292314885e-07,2.1152275904966637e-07
80,1.0,2.2707312998255986,-2.6695862492633577,1.0377839385729761,5.791718714470025e-07,-7.33782248343632e-08,-7.556921553879096e-07
81,1.0,5.188731141040158,2.4022389718383517,8.530692837702487,4.2382097156607775e-07,3.932494386024062e-08,-2.1093880878568966e-07
82,1.0,0.20179853477560297,1.369039279495112,1.565133820869746,-4.1274649985860897e-07,-2.5923002100146293e-07,3.220700872788738e-07
83,1.0,-0.9253308193220047,-0.18186130835613742,1.1573068590312827,-1.7489361951176418e-07,4.299671688732606e-07,-8.713020610421848e-07
84,1.0,-1.835845186417827,-0.08060170188385887,2.060478161445011,-4.550340644179715e-07,-1.7473909904693844e-07,-2.135642346356918e-07
85,1.0,-0.5043670244651316,-3.0372597451110073,-3.3206678800634863,-2.9590891663263254e-07,1.8212933463197014e-07,-6.866591869444549e-08
86,1.0,1.7657813297649447,-2.1747836467778634,5.829810408802196,-4.78301144826994e-07,-9.020125585409188e-08,-5.440686007049449e-07
87,1.0,-1.3291462213327179,-1.7934409698906537,-2.449803077350348,9.205595034834715e-07,-5.383884831021571e-07,-1.23335891614886e-08
88,1.0,-9.635272177418853,-3.792621210776863,1.428622942651981,-3.669274120286419e-07,3.567501091453881e-07,2.0317914333604374e-07
89,1.0,-4.107295382795015,4.5316711335400575,1.6619220661003427,-1.7627417899634624e-07,-5.04193939709174e-07,1.649371763976611e-07
90,1.0,3.409247300944817,0.61490741618395,2.1035285289487775,-8.720989953265298e-07,-3.365928307637149e-07,3.09990099102085e-07
91,1.0,1.901383303706761,2.1518984997335573,4.001302124450826,-2.260091516087299e-07,1.8302126119843327e-07,-9.23481293283762e-08
92,1.0,6.843221414427059,9.654517248109395,3.7012422849005584,1.0387717930786911e-08,-5.997629462737432e-08,1.1754751325553496e-07
93,1.0,-0.11298523592090182,-4.283922724722697,2.5376024887855357,-1.2301663999002983e-07,5.521029911211375e-07,-4.155352404216075e-07
94,1.0,2.360264898066424,-3.232374584456464,2.351524517305829,-1.5817195492506134e-07,-2.3858879241112034e-08,-1.0339134767852647e-06
95,1.0,-3.0906886028265683,-2.394016333096303,-2.0015442208051946,-5.5411118281278046e-08,-1.6734385468495713e-07,-8.798467851343926e-08
96,1.0,1.5631239771732348,0.8967898521092013,-2.6980049545167786,4.2658875945409453e-07,4.403149373389488e-07,-8.527635938656363e-07
97,1.0,1.8102198481143075,0.06906521171166499,-1.05824755168176,-4.978330282779146e-07,2.404140039677791e-07,-1.41345642305158e-07
98,1.0,0.7168719265126304,-0.673120057934934,1.5086154822144375,5.427206673356068e-07,3.1022503267805133e-07,-5.38779560255858e-07
99,1.0,-2.592309745897629,1.127734549443006,6.622950888730857,-4.68454026864726e-07,1.6367871550361142e-07,2.8125054481172752e-08
100,1.0,-0.830077096273796,3.098729929131299,0.09214407448682325,-3.9621562451520164e-07,-6.583541491599251e-08,3.9626085186518925e-07
101,1.0,-0.27474689640550615,-3.5450424119021138,-0.7028022945438166,-2.597189576475861e-07,8.8300560363319e-07,-2.6467517439228264e-07
102,1.0,3.2528446984996853,5.36241537481183,2.38835835413255,2.1453593565149125e-07,6.692651930385925e-07,4.262770777047275e-07
103,1.0,4.428392061965529,5.309789843497863,-5.698362278508098,2.190606048622857e-07,3.127576308572121e-07,5.248726734215309e-07
104,1.0,-1.640303193120836,3.6367792467580276,-0.12313166393663255,-1.0424654381655476e-07,6.090148680643029e-07,2.752478759136574e-07
105,1.0,-1.9353280656321539,0.2831878310455027,1.9492296967032234,7.465266416429069e-09,-4.7245542677390887e-07,-1.2457598797013993e-08
106,1.0,3.6290834953688176,-0.7845369705730668,-1.171161749333259,-1.8400975931816028e-07,3.206677483282226e-07,7.184771806868734e-07
107,1.0,0.38666377615474296,-0.8487004763093328,-2.4519979350705574,-6.656882016292848e-07,-2.7167729574426756e-07,1.4111292142434972e-07
108,1.0,5.452837713267998,-12.30724356437919,-8.382824432650192,4.615476492684121e-07,3.193202613137267e-07,2.6374370989656346e-08
109,1.0,-0.3346962969324835,2.832194407993192,2.795079510238915,1.6869108450041957e-07,-9.688466831732261e-08,-6.071691598970246e-07
110,1.0,-1.342582822323489,0.4401454935504162,-1.5679450179767802,-6.444918414454572e-10,2.71466929225065e-07,-9.602933936607285e-07
111,1.0,1.3855354727273625,-2.896922270613268,1.3685954196591241,-1.2192627208981787e-07,-3.804122072857814e-07,5.090404909246507e-07
112,1.0,6.232024378038079,-2.231260330056772,0.7053864283135696,-3.638459004642187e-08,-3.0550185305546597e-07,1.1581531467436897e-07
113,1.0,1.3492722438043099,0.6182107447884407,3.4476460665562763,7.665508808646417e-07,7.241332926426252e-07,-1.9341463407467102e-07
114,1.0,-2.1598382733568178,-3.1082035051756236,0.26853804371168155,-9.282771616141378e-07,8.411998900088597e-07,-1.4991653628136616e-08
115,1.0,1.927360242291792,-0.2953661526363993,-0.782691730547918,7.397628895114325e-07,1.2352632068654618e-07,-4.001634477185278e-07
116,1.0,-0.5686942545049691,2.36991308795235,-2.5421852137561842,9.514892516925615e-08,-4.993708341447429e-07,5.429796122243208e-07
117,1.0,-0.9072845236753058,0.955319426256328,-1.888571634802499,4.343346822936099e-07,8.063569916880481e-07,3.425283063187718e-08
118,1.0,-0.2844571013989355,-0.26483420472149466,1.191253567482141,-4.863895336476733e-07,7.477681479205235e-08,-3.507925496617721e-08
119,1.0,-1.007701865072277,-2.695539382331022,1.0380283671278416,-1.513004375845491e-07,-5.507093527799956e-07,-5.745490417440521e-08
120,1.0,0.8855306309984613,1.7712758923751915,2.0664476251780375,4.511350034731141e-07,-1.1784676180570433e-07,-7.028602609002357e-08
121,1.0,0.7518547890467542,-1.7073034249178736,-0.9299312441830778,1.024448589265436e-06,-6.657772439212243e-07,5.189473517467761e-07
122,1.0,-4.474130370989724,-4.056035242452377,-0.6959197197490294,-7.489284526961642e-07,8.940307657501966e-10,1.678577471971928e-07
123,1.0,0.9914599328589445,0.012290193837406961,0.877340408724228,1.0419666997618003e-07,-3.743618973906703e-07,-3.744693394640438e-07
124,1.0,-1.2358565636540038,-0.9913101860283234,1.0830495228091201,1.7805125060977607e-07,8.027433478425472e-08,1.5058466392280252e-07
125,1.0,-2.8343798289866315,-0.4196467217800415,-2.020897791763075,-5.780616424969805e-08,1.9373687735753524e-07,-2.6462989587895216e-07
126,1.0,3.474423227088601,8.811290408649407,-1.1249786592769384,-1.5826434588496126e-07,-1.8283994430595997e-07,-1.6931912511073837e-07
127,1.0,-3.8432376378722477,6.724826681622929,-3.9231988776386704,-6.664449343703125e-08,6.312416937855021e-07,-1.4247867896091431e-07
128,1.0,1.1960878131288344,1.0692426423888588,0.9186791293124343,-8.691151040595038e-07,5.201482123168415e-07,5.440441292042393e-07
129,1.0,-4.047048195062057,-3.98092138407302,1.6832556704231623,-7.920564069377981e-08,-1.7625223661758783e-07,-1.2066692469977102e-07
130,1.0,4.722191380084626,5.563646939164409,-2.0098711674527063,5.944534015460717e-07,8.025705922415148e-08,2.2659525329147353e-07
131,1.0,3.1574471624223133,0.05566524981461248,0.5965076555655977,4.695593150874713e-09,-5.096387643181927e-07,-1.0563688915812707e-06
132,1.0,-2.9716234376818838,2.2813825733046205,0.46337445253429416,-8.245392003939399e-08,-5.681524738110183e-07,-5.8252218618193425e-08
133,1.0,6.776737840067482,-0.17706469368601552,3.3019230088226026,4.09520193421522e-08,-3.4312400514901913e-07,3.136621472345717e-07
134,1.0,-2.179336365638365,1.0061462738426323,-2.0047551931478598,4.4408598890139733e-07,8.34713446246906e-08,4.413812232701618e-07
135,1.0,-2.2085498614867154,-1.2281065961877935,-0.14292783097341089,1.0055776421208339e-06,-3.8820431615109335e-07,-6.982873234022095e-07
136,1.0,-0.02734903027089433,-1.3998372793613858,0.024712576155702604,2.971116117863643e-07,4.663700372530895e-07,2.8633721719134514e-07
137,1.0,1.845502997742571,-1.1239905015774136,0.9219759381581669,-2.7248047223643286e-08,1.1289437435583824e-08,4.1588454612819813e-07
138,1.0,10.643718959143717,0.6268177418051148,2.112478633214196,4.203499453959344e-08,1.8904250591649705e-07,2.520639123733745e-07
139,1.0,2.5487718905813024,1.403955345773988,-16.51131544985276,3.27226376650084e-08,-1.4091571948346603e-07,2.203048328951911e-07
140,1.0,5.074408479244055,2.7585596257789513,-4.155365715495085,-5.740295893762003e-08,6.318698663842584e-08,2.1020449071871616e-07
141,1.0,0.44635160142915464,-2.2626552358115286,1.1185750339088691,-4.2759435659163923e-07,-1.7733491377024782e-07,-5.941942217278464e-07
142,1.0,-2.894654033790581,4.818109256440063,3.621695607667079,3.622275870459899e-07,-2.1204405704386962e-07,7.107414621736597e-07
143,1.0,1.6928558217593563,-0.831916628157767,-2.967239287083741,2.823890333753912e-08,1.1990673152490073e-07,2.474594840842757e-07
144,1.0,-7.486232317579499,4.722522475147972,-0.9109551973129697,2.813952351515765e-07,-1.0672165944699046e-07,-2.3798707400969056e-07
145,1.0,-0.3398072179410578,0.3149058571524316,-1.1662895448839476,3.4587461069938685e-07,-4.0480268294244773e-07,-7.111638937647085e-07
146,1.0,-1.3695447325727683,0.8270952052942152,1.6235012685908128,-3.8093751710108037e-07,-2.1268807391876058e-07,4.892284656657319e-07
147,1.0,6.442646093337615,3.4628506380418207,0.744538658340745,-2.0941056484428494e-07,-3.406025977811512e-08,-1.5351248953698814e-07
148,1.0,0.7318483323186263,0.3963957695919612,0.7938523907062618,-2.0931509546623986e-07,-6.509943676793465e-07,-1.69487649349902e-08
149,1.0,-0.1386244572894059,3.777260793092965,-0.025041987353514178,2.1119326657617378e-08,-6.208694403926824e-07,-3.6073349584348526e-07
150,1.0,0.3072774174554126,3.5803371333888396,0.5832415665836979,-6.659858467705757e-07,-5.078004113699281e-08,6.338544466695787e-07
151,1.0,1.8946640177395073,0.3839162249897921,-0.9453673611389657,-4.6732226345315096e-07,-5.548950374866705e-09,-2.27384391375009e-07
152,1.0,2.304429454481429,-4.202201743274718,0.6018476151314525,5.285351285413996e-07,-4.137490798096742e-07,4.707857711812157e-08
153,1.0,-2.1799265114819244,1.9241774538081633,-0.337814222458855,-6.445991441988322e-08,-4.1769996930413854e-07,1.353345585901332e-07
154,1.0,2.4048877158840165,0.8446571824046081,0.5427893478273307,-8.666937690462075e-08,3.086201264393928e-07,5.456198247550469e-07
155,1.0,-0.43441326058457574,-1.663052341490088,-0.4367875244386235,9.03461678719451e-09,1.6921879802081473e-07,-2.794614371422343e-07
156,1.0,-3.456497317589897,0.26151263293943794,-4.48749724645694,3.662168477697648e-07,-3.432783518897851e-08,-2.6632361019445477e-07
157,1.0,1.8848753289121734,0.10129911463809105,0.7576507241870538,-7.834062312412841e-07,2.1129692507356196e-07,-1.5786491575627194e-07
158,1.0,-1.6247929263296887,-0.6600833128601501,-3.156719613481314,5.586692595848574e-08,6.627402232981672e-08,-1.9338078070998246e-07
159,1.0,0.20169469164419493,0.7930198225920985,2.329632590777905,2.096250039731565e-09,1.8707776662438817e-07,-7.915209377055616e-07
160,1.0,1.257432858165875,-0.142324435893361,-1.7373212934435764,6.634931447806538e-07,4.563849601217521e-07,-3.491408224760319e-07
161,1.0,-2.10086785208122,-2.639436331996894,3.180660277084947,-7.38175329691083e-07,2.7338867214322415e-07,1.23937385056165e-07
162,1.0,-0.16098278955605444,-0.07012946601100199,2.4594227415374545,4.722446310708059e-07,-6.538583154967699e-07,7.441768625974269e-07
163,1.0,-1.6425908094261916,-1.6917679130662353,0.8279245919359164,5.396164579768212e-07,1.5276442881749296e-07,2.2306628004595048e-07
164,1.0,-1.0346907409787196,-0.47968678013903676,-1.4313574073305408,-6.791109061702067e-07,-3.7938127321858097e-08,-1.497515353837678e-07
165,1.0,-3.64624478625237,-0.2637195225388295,1.0568179903560142,2.4358141499060393e-07,5.057757756533978e-07,9.344150480640587e-08
166,1.0,1.2780730676774974,0.7759809769832883,-1.2650228534109327,-6.326109493185184e-07,-2.7849823987608896e-07,6.795245135580408e-07
167,1.0,1.174215406794714,0.5380105176823902,0.3539408514677539,-5.814602155408588e-07,-8.086828526328512e-07,-3.1124715083651965e-07
168,1.0,-4.89298631144407,-0.6496402492875071,1.7916312932549967,9.023385266609954e-08,6.929755410791347e-08,6.154087912794978e-07
169,1.0,6.4065399216177985,0.23210505918072544,-10.242155117940335,-3.0545681898294556e-07,2.67202172198825e-07,1.9056240549828727e-07
170,1.0,-1.9536778774931907,-1.2205480811081293,0.7944737098299481,1.997824937520932e-07,1.7300849638110684e-07,-5.73916564247972e-07
171,1.0,2.174092603416619,0.18067598782451955,-0.1803023601818674,-1.992278604560935e-07,-3.142842977213146e-07,6.156785812063822e-09
172,1.0,12.543918695368152,-1.348037422831889,-6.7276503970677215,-6.988624779649259e-08,1.1319908278547873e-07,2.5558657983742686e-07
173,1.0,-0.322890981077202,0.6401271986518156,0.7142394818208868,4.225436086108956e-07,-4.662190993404359e-08,6.458883024541656e-07
174,1.0,-11.068902142547255,3.4707066583950152,4.7084496946602705,-9.58247210558496e-08,-2.702212548295513e-07,1.4655139966643002e-09
175,1.0,0.17085924588904267,-0.05431099528789378,1.5376283991635626,5.142210190715375e-08,-1.4577681666576198e-07,8.834362774668648e-07
176,1.0,-4.665891396856145,-2.5059782261567465,-0.1236748980232743,-2.0778543665522795e-07,-3.4645824679598786e-09,5.71317668760396e-07
177,1.0,0.18068944255272792,-6.5912673864675275,4.036808548260346,-5.04391218585197e-07,-1.754327229650912e-08,-3.152416334688182e-07
178,1.0,-3.711378556114961,-5.710698744917724,2.545563566779178,-5.104332582276817e-07,-3.661600062205199e-07,-5.7544624121724116e-08
179,1.0,-0.41433214021641107,2.1581268783700973,0.9883203446828173,-7.95315276805995e-07,-1.7014665460317863e-07,6.299496820513451e-07
180,1.0,-3.0892504723938297,3.814780488668934,3.0349003750552255,1.9027170003202787e-07,-1.74105640607318e-07,2.7071513544027916e-07
181,1.0,-2.438068646823724,-0.040808890561273334,-1.552403376322394,-5.8510545255852665e-08,3.1030667238796785e-07,-8.99203729039956e-07
182,1.0,1.4154869203065126,-1.2577874353798504,2.660076399288926,-4.5814484918734935e-07,2.803753880062643e-07,-3.4681116712341325e-07
183,1.0,-4.3195057322742585,-12.932267306617966,21.015834704517484,1.4500378614158604e-07,6.444804132409573e-08,-1.0246817530900291e-07
184,1.0,-1.6587386809793934,-0.6868119582895226,-1.227752374023897,5.424093752418262e-07,-1.9541234164149304e-07,4.299965420185923e-08
185,1.0,0.4418099754803796,2.0859603568333784,0.9299032734466675,-3.9325522633747255e-07,-4.1575658028690413e-07,6.190174984833741e-07
186,1.0,2.9566362401515676,-0.04837359847298706,-2.177201401017329,8.641281859939594e-08,5.686775125149617e-07,-1.4140726780692353e-08
187,1.0,0.11270631334574578,-1.1661322178887523,0.8874482857563752,-6.043398542825786e-07,-2.261416632139424e-07,-2.0329317910395533e-07
188,1.0,-6.618984840169082,2.3158498897691975,-2.1093323949116476,1.2581167090076232e-07,2.0797691572232716e-07,-1.2674258004986774e-07
189,1.0,1.8345016969148586,-0.4535747743487823,2.2847048695950707,2.1262704146259498e-07,-6.667027286584157e-07,-1.5347065811481748e-07
190,1.0,-0.30393360407842307,1.0270565820672968,3.9615353431199503,-4.499048110797562e-07,-2.2543118725786345e-07,-4.791456493296984e-07
191,1.0,1.847850807833223,-5.102844023929279,-0.47956411164587837,2.1044983538004374e-07,-7.536413703696602e-08,-4.06733208147446e-07
192,1.0,1.159734015410785,1.211228018906736,1.4099948825546778,-7.908351422133177e-07,6.699856491697919e-08,-2.1236448628765673e-07
193,1.0,-3.8756772002968116,-0.16174396063975655,-4.823963044637319,1.9501547804386428e-07,1.8063245359886426e-07,5.356200070989028e-07
194,1.0,1.2139673814124046,0.27610952546507167,-3.301173705003485,1.7719851272571536e-07,-2.2557718038315294e-07,9.052640330588602e-07
195,1.0,2.82099223832157,-11.135359353634696,-1.689663023258075,-2.804458104204998e-07,7.259343163387878e-08,-3.744780549158227e-07
196,1.0,-1.1464074480092223,0.5707566858233137,1.5052109641152625,8.156602068504282e-07,-4.0842108641286426e-07,-8.825103610487286e-08
197,1.0,-2.8763715791655455,0.9053584628833045,3.5502396729590546,-3.648511431541184e-07,-1.0147198450564988e-07,-6.013379924625023e-07
198,1.0,-1.4468377948402225,0.08680298695825125,1.2935597732835242,6.522715197229706e-10,1.0704865289348135e-06,2.0799756140899923e-07
199,1.0,3.6162929136243154,-0.044813458656980484,10.2619265490221,-3.066933790450183e-07,1.998755671276209e-07,5.967396402840335e-07
200,1.0,-0.455913319358092,-0.902849709219144,-2.2219057348748734,3.91137843603883e-07,-5.335549876599466e-07,-5.084764044395117e-07
201,1.0,1.7544569387874016,-0.07323522896524007,-0.9888477628737087,6.213818405815409e-07,-4.182771952470196e-07,-5.330392812955809e-07
202,1.0,0.4036733719048657,-3.698258694171202,2.0146077236555735,-2.776818807933439e-07,1.5874471181787314e-07,-3.282209158487862e-08
203,1.0,1.13145617344742,0.5117300752885701,-0.34006857425223086,-4.834300246602541e-08,-7.428591776948745e-07,-4.7029847150989216e-07
204,1.0,-3.2116296464613328,4.935375611684029,1.0764676349949256,7.02914942053153e-07,2.503983892907825e-07,1.6263923533828335e-08
205,1.0,-2.528300788615751,0.5607227578313511,2.377482278389875,-2.230478327722008e-07,4.731568543283373e-07,7.244488292423661e-07
206,1.0,-2.59409618606091,-0.24201069039890083,0.22386979186041248,1.323729926541663e-07,5.101484833355857e-07,2.1471418940990875e-07
207,1.0,-0.1009618719152186,-0.5511773226287174,0.7126726329481619,2.091446050302699e-07,7.47824533880404e-07,8.071696241195572e-07
208,1.0,-1.4484277174474933,-1.44208841723301,3.708936480519966,-1.2389254057905582e-07,3.683919678225024e-07,6.388515448605697e-07
209,1.0,-0.16266272208909272,-1.5907295176295162,-1.2763635299922553,2.517571606095348e-07,-2.073465417466674e-07,-7.488040654575452e-07
210,1.0,16.554229619212553,17.677941513048403,14.204898953597931,-2.2049334492012748e-08,2.2882254449542134e-07,1.4319694003679781e-07
211,1.0,0.8490612066097126,-2.8194684472191605,2.7512737379799805,4.642930551016708e-09,-3.053506389470962e-08,-1.1976542371875858e-07
212,1.0,1.8645899005504099,0.8584406007923351,1.3337534600103098,3.8719840201859486e-07,2.6270002425440515e-07,2.2462448529613402e-07
213,1.0,4.107252229370131,1.9812602663080683,3.5103973310482464,3.4159453857584955e-07,1.1607252011605569e-07,-2.09914025292624e-08
214,1.0,-1.5955879220828366,-0.041246852654835055,-3.1117931481549777,4.025964265241614e-07,1.436004110536717e-07,6.374332305053308e-07
215,1.0,0.4457225071139689,-0.1389547511009433,0.8509070978806661,-8.062502848759872e-08,-3.8975132895450534e-08,2.6116831963712854e-07
216,1.0,2.0404903117221806,1.4641510059729512,0.3422803730531735,-2.3683473410193356e-07,-4.655680689374007e-08,-6.034621938171255e-07
217,1.0,-0.9493310164867617,0.49170625043171234,-1.120125707211977,-1.4743825880840442e-07,2.202834289780832e-07,2.6622882920686676e-08
218,1.0,0.8001388046157891,0.8981022685076252,-2.4314389068293276,-7.147169287100979e-08,-9.345447266320548e-09,6.562291659253017e-07
219,1.0,4.6188502076639795,-3.911015555241416,-0.11001445271083993,7.608792960469945e-08,-3.086050722150235e-07,-4.516550725738954e-07
220,1.0,7.817933409869702,-3.3767609844268716,-2.165231767389189,7.909185778235402e-08,3.3080160259464287e-07,-3.92126223763004e-08
221,1.0,-0.7796383687855932,0.16495390996808693,-2.6289531163338653,2.9362325783599353e-07,1.9356749228137774e-07,-3.1871553134304165e-07
222,1.0,5.639123349796861,-2.1491988875834385,6.578680009384542,3.212570128990491e-08,-6.612728267721656e-08,5.684777928191305e-08
223,1.0,-2.5822780502499354,-5.347533685385067,0.4276672840293808,-3.551822969996529e-08,8.924933986939121e-08,-9.300489460196228e-08
224,1.0,-2.4218517172267076,1.15012727087832,-1.397703273976111,-9.204242282019974e-07,5.165170726820405e-07,-2.7100776978401263e-07
225,1.0,-0.5157846106850639,0.0372110019418457,1.3427776243163738,-1.139822297284214e-06,-5.917806251596555e-07,1.718892571392353e-07
226,1.0,-2.0759448445337796,-3.037110052773299,3.381554843788401,1.7578648199151e-07,-2.5764300535007577e-07,-3.15862446448134e-08
227,1.0,-0.18883233362190938,0.11747227149060499,-2.9505960091561882,-1.0281268530216364e-07,6.316320699259156e-07,1.439763416826705e-07
228,1.0,-0.9371154184267299,-0.7967504632870182,1.5280062777004757,-1.2454445154175605e-07,-7.213879017200078e-07,4.199377419810918e-07
229,1.0,0.40747868708951884,0.07635164320203974,2.4704537828406377,-1.8577540512671435e-07,-4.2190389957109015e-07,-5.537077177760086e-07
230,1.0,-1.9837320778256975,1.149492457521588,-3.736085703045557,-2.7400876878275594e-07,3.821939207433202e-07,2.4561123616123084e-07
231,1.0,2.1030426758307343,0.09029979167443178,-4.246672090388597,9.470259223229569e-08,-3.161536484498853e-07,-1.5850459361578743e-07
232,1.0,-0.5864103401421288,0.08694805630380356,0.9829713131407574,-1.1458175533170935e-07,2.2854105197654355e-07,-3.9102697292280714e-07
233,1.0,-6.42478472093204,6.280111317334435,-4.273883262502743,-2.1287629925706836e-07,4.118793636062371e-07,-8.319653019339488e-08
234,1.0,0.15519905500476294,-0.3332685442804003,2.1433610684614797,-1.1601405108258595e-08,-4.257494750876994e-07,3.3077402587066705e-07
235,1.0,-1.2904201131034756,2.9534642826444557,7.0567613688820465,2.812058815624814e-07,-2.9062228040301357e-07,3.513870706777581e-08
236,1.0,1.0408717586439926,-14.47496811762869,1.2937358712062754,1.0295417762689302e-07,9.045102037548531e-08,3.4179135095736446e-07
237,1.0,2.0215753669764887,-0.18330131037129965,-1.032383465442464,-3.847444092127387e-07,-2.1031099355590405e-07,9.518750875874293e-08
238,1.0,2.9193930127285803,1.194747882640717,1.5136690637841819,-4.117181853080485e-07,7.347945092179891e-07,3.1932332963352716e-07
239,1.0,-0.5504866820776639,1.2682489627644755,1.1995569391516754,-6.554358290012946e-07,-1.1149359677845577e-07,5.07815684249919e-07
240,1.0,-6.437714979264673,-4.161993342002105,-1.7796166480312765,1.6169331089909546e-07,-2.8092203322103126e-07,-2.8616355758328934e-07
241,1.0,-11.044333171742302,-2.71906495652142,-5.083387297996483,-3.122888664590582e-07,-1.7682974382150935e-07,-3.604811670983999e-07
242,1.0,0.7211179494712397,0.8077783228684459,2.916720564777856,-9.935571552933843e-07,-6.566782627719283e-07,-1.4300027521361484e-07
243,1.0,-1.9079094019056388,-3.4306103092141216,-0.3993012502120982,4.790760343120884e-07,3.289737459906722e-07,2.7873651940058463e-08
244,1.0,-1.858382028865134,-1.3159248291292531,-0.47831250484541127,6.276527017287995e-07,-1.4924005328791975e-07,7.602778108349657e-07
245,1.0,-13.147255156345942,0.11078617390528728,-3.250500144815437,4.255012177282431e-07,-2.2964956334764953e-07,3.948876540374275e-07
246,1.0,-0.17782325231727197,3.475713821507766,2.0162566600235925,-1.3027786949971577e-07,-1.0885534642001513e-07,-3.131478004494367e-08
247,1.0,-1.1113787458397004,0.8420374581352508,-1.5093708868924647,8.694694185923285e-07,6.00016436574171e-09,-3.241032737166392e-07
248,1.0,0.12715689193125787,0.27544084971419164,1.2519691523498315,5.146142833120642e-07,-3.3964169171459123e-07,6.450120329668528e-07
249,1.0,-3.9308613481459167,-1.1056793925126116,0.21513026817144246,-5.636341721233572e-07,-4.5712511055938947e-07,-4.3673448014964565e-07
250,1.0,-0.27834301738267253,-1.6120437148752562,-0.4678570888505827,1.7751817076393996e-07,5.337506289143096e-07,7.863244480575384e-08
251,1.0,-10.995627646187547,-7.283288475025664,0.22562363703368074,1.9581197319661727e-07,-2.8975050187494864e-07,3.6115005252670606e-07
252,1.0,-1.4722405782887404,0.3306485205096028,0.840187342991372,-3.7518007366894184e-07,3.440196704514709e-08,6.442366054763908e-07
253,1.0,1.6823596563605312,-2.7481166579592293,-0.28573882987460486,-7.743523437826475e-08,-1.4489111689082184e-07,4.443640256796612e-07
254,1.0,8.672841056306677,-2.8497849137087634,0.3196715631548238,-3.932948580062137e-08,4.5578716007299005e-07,-1.4653592570694384e-07
255,1.0,-6.6226264438803675,-3.2717157827856056,-5.2044094048861105,-9.043737147694164e-09,1.131796281131822e-07,-3.861557615070125e-07
256,1.0,-2.603695275645113,-0.07921899083212985,-0.14320367647640242,-6.490612147610199e-07,-6.460100015172416e-07,5.560840332387376e-07
257,1.0,2.9399012910534124,-1.2375770769513468,2.143004913392678,-2.3710536025327864e-07,-3.330226017708001e-07,-3.752446822577841e-07
258,1.0,1.1595044294571448,2.5759603226329273,3.2901192679032523,-3.02678846344902e-07,2.4360795574180275e-07,7.24471860380171e-07
259,1.0,1.271703271510431,-4.521793716556904,-0.8094632936156398,-2.419348247478715e-07,3.53397577990021e-07,-4.1954930349778907e-07
260,1.0,-1.338788771208424,-0.7941784444909881,0.25183407141240755,1.4628397899314914e-07,-8.307992377651649e-07,7.77163684437103e-07
261,1.0,-10.868158675961396,9.040908190656172,12.55223269656875,-2.2895028892069785e-07,1.4925121260355483e-08,-3.9874955455112245e-08
262,1.0,3.627079041429316,2.602506292578092,-0.44051422536661705,-7.106505411462548e-08,-3.015608770781042e-07,-3.3885450741388324e-08
263,1.0,0.40773589785420095,-0.0035841084779027477,-1.2879725909790536,-3.8172973351772216e-07,-5.711831432276844e-07,3.086331405557646e-07
264,1.0,-1.8118840372803853,1.9613691926343026,-8.005216703796652,1.4244997509501592e-07,1.853161216872591e-07,2.6853180652304144e-07
265,1.0,-1.5880150777353896,0.9575776900487377,-2.2746078544892017,-2.8181423365843117e-07,-7.093188047083262e-07,7.31983957264137e-08
266,1.0,-1.5860940132065555,-3.4710022871743966,2.6561676132147864,2.197236305874855e-07,1.0143712792879068e-07,-5.069826586043792e-07
267,1.0,-2.874237953306154,2.703675685713653,1.3927591367190555,1.5409872948553777e-07,-1.2646977096431557e-07,4.031263459731316e-08
268,1.0,4.387593027119611,-1.7393615993340723,-4.1989491645870425,-3.656454770414515e-07,2.0983730428126877e-07,2.9697636495733696e-07
269,1.0,-4.718653264275182,-0.021147136084315996,-3.3048657026619814,-4.1019025744921606e-07,7.899880035739701e-08,4.931540744249281e-07
270,1.0,10.333868435905483,-2.4386760143379584,-5.454789367814173,-3.651320049848298e-08,-1.0094378323295718e-07,-2.9657379263235865e-07
271,1.0,5.738849738196398,-1.525808730388772,-8.356528513606643,-4.088722449510192e-08,-4.503270554296504e-09,-1.0672780348606696e-07
272,1.0,14.151739446467515,-5.6762689561736,3.869147410656614,-1.758258432257655e-08,1.236388281437658e-07,-3.7385362841283185e-07
273,1.0,0.2828044028344037,-1.3414395114512077,0.44701444142968927,-6.889852964311646e-08,-9.091831137122395e-07,-2.8532088528473443e-08
274,1.0,-0.08922472518347696,-2.4553346549893025,-2.8784770047020856,2.4812003865279056e-07,5.163300116075529e-07,1.177012474177476e-07
275,1.0,1.9863344505306906,-4.151211909641642,5.2763492627316,1.897960153433832e-07,-3.827461274241953e-07,5.683042351759642e-08
276,1.0,2.4691762844896292,1.4493365888208452,0.6739784911601459,1.0405299392070133e-06,-2.5049373437220042e-08,-3.742863908622895e-07
277,1.0,-5.340990837276081,2.0180100568882597,2.814330322393637,-3.5318488461776397e-07,2.9199732290332024e-07,-4.4894456112466887e-07
278,1.0,-1.5253152351339816,-1.4752944110768365,3.242803959595106,-5.180683682441859e-07,8.286008248623507e-07,8.748913301562874e-08
279,1.0,0.2710537623749957,-0.9487495988802775,-0.6481576285503099,-5.229153357689406e-07,7.529449589740977e-07,2.829304620664537e-07
280,1.0,1.1717660653887005,2.137720368201919,4.491973123819849,3.7043140881167053e-07,5.344431700447337e-07,-8.478445936574661e-08
281,1.0,-3.44752591409188,13.808074433215777,16.442588575165253,1.603995646804922e-07,2.3270898471715468e-07,-3.236598379767733e-07
282,1.0,-0.12098479178288926,0.6474317252695524,-0.6004044175035319,3.69228453153419e-09,-6.274099300692719e-07,3.056373597475366e-07
283,1.0,-0.24147897921949452,-0.1912419352096827,1.3588699367901977,4.1462513458135106e-08,-3.977889934449953e-07,1.493828448244203e-07
284,1.0,0.7618555725620054,1.3997630109360257,-3.597208736841109,-2.424703593476205e-07,8.619271049733889e-07,-2.3362920317257447e-07
285,1.0,-2.5349385478181965,6.392305506805254,-2.0506074001009114,-3.3540127064648826e-07,-6.042993307014381e-07,1.7418793907177595e-07
286,1.0,-0.6620261387666753,1.241290318825269,0.389963902646341,4.808027076938031e-07,-6.352662889416736e-07,-6.60428065147846e-07
287,1.0,-3.1596775551371206,-7.114393876147835,5.608501406639301,-3.2276942433531154e-07,-2.7422999377001877e-07,-5.370990743554896e-07
288,1.0,-1.7340499657237238,-2.246058325898588,2.292382299665794,-5.214819948750005e-08,6.552385634905069e-08,1.998029891286631e-08
289,1.0,-0.7053379379096875,-3.018364843584183,1.7010644813279079,2.9269944463199004e-07,-4.536994953701194e-07,4.984295530405694e-07
290,1.0,2.3436792581266372,0.9423654170719936,1.5869797073314467,-5.203650554293669e-07,4.512222643677801e-07,4.591480333610344e-07
291,1.0,4.163974367940644,5.750480950006602,-2.4896070190195974,9.095271593903987e-08,-1.1976588441247473e-07,2.9759045195503526e-07
292,1.0,2.4380701487929466,2.321916016075557,-0.656617607912489,-4.408744251411943e-07,6.892358260223882e-07,4.200903270243607e-07
293,1.0,-2.417056593915224,1.4913668363483061,-1.0131609195263784,5.586278586631284e-07,-3.7056436003449136e-08,-4.7519620168670687e-07
294,1.0,3.843395189128996,0.7608953250218974,1.2388489034548709,-2.049320697456756e-07,1.0178227341070414e-08,-3.369523876019976e-07
295,1.0,-3.9561219078883454,0.9374749172018982,1.7238339740299007,6.390628345685979e-08,-2.1834853501225395e-07,-2.2969061112960504e-08
296,1.0,1.8128729480475525,-2.355291881172931,-3.1720637963823877,5.739625370070072e-07,-2.9977080132951015e-07,-4.3445959016545485e-07
297,1.0,4.4381713047039,2.559421195493941,-8.418193220138411,-1.0263926917244535e-07,-4.92285808892727e-08,-2.836199397829993e-07
298,1.0,0.8344615745587819,1.2533575793208174,1.2335679392481615,7.453650106066171e-07,-1.460502390356479e-07,2.2013391250141878e-07
299,1.0,7.5174095383526955,7.924278349187524,-4.037386253523495,-4.298374633184264e-07,-4.2538896744909013e-07,-5.189633601379216e-08
300,1.0,-0.919609407588394,0.8676303086496617,-2.0922756949652195,1.2499011790259938e-07,8.166108769473614e-08,2.1885065710285878e-08
301,1.0,0.13674722275417267,4.319844318592102,0.08669802237313859,9.585789015672293e-09,7.411246660536428e-07,3.124183477406527e-08
302,1.0,5.177347022320109,3.934287367813355,4.7456045451299955,-2.651008310834283e-07,-3.125626847502307e-07,3.3606110770753525e-07
303,1.0,3.4413110624436163,2.391605582641514,-4.534347669334517,-1.782093360748372e-08,-1.2683409206547596e-07,-3.5892811610246583e-07
304,1.0,1.1338336551345976,2.18494062520108,2.6724495767422343,5.583427491003346e-07,1.5914050428324423e-07,5.402928305827778e-07
305,1.0,1.1579989804536723,-0.8472265844251567,1.0150011436821718,6.499485476580672e-08,-4.357298316206471e-07,3.039892569303889e-07
306,1.0,3.6920137991618773,-5.428873677905702,1.787361522007339,2.2546647561655601e-07,-1.1997321766046108e-07,1.112124552745924e-07
307,1.0,1.4460528207669405,-5.085040230311235,3.5881655524119886,-1.1370494692758548e-07,1.9732410782314973e-07,-1.7625630992765208e-07
308,1.0,0.6412646537535686,-0.5884401887319846,0.06188696154643683,-1.633225351186306e-08,-1.1923029054112518e-07,-6.394079482596492e-07
309,1.0,-1.0359456675119316,2.496470542826624,-2.496809368031661,-3.233023192062779e-07,2.633405190272499e-07,1.6872740340081835e-07
310,1.0,-0.6015771523693013,-1.1940334461080298,3.71516493504178,-5.388204925580436e-07,-3.9338714881011023e-07,-7.03406035785829e-07
311,1.0,-1.0951750926818502,-0.7746712481516882,-4.0036709936911254,8.2677729716189e-09,5.084950681950085e-09,1.8239379001739228e-07
312,1.0,-1.7088156597015418,-2.4427118835445487,-1.9294138974746688,3.5009360689935855e-07,1.3449155129493517e-07,4.65518353027898e-07
313,1.0,-0.12699161074216445,4.201612462565685,5.3214636273129745,4.3652128227314233e-07,3.183608952545924e-07,-3.150141346085814e-07
314,1.0,2.802473549357172,1.0106726680195135,1.3414321977495225,2.0196885186177374e-07,9.129337610259437e-08,-3.971340964365406e-07
315,1.0,2.6052033873350444,-11.076139783800521,13.76318217050813,-6.881805821560827e-08,-3.906449679495248e-07,-9.543128410878931e-08
316,1.0,2.697195951002132,2.370824039764663,0.33099888383187703,8.108190465826923e-08,5.662658963435228e-07,-1.80580352799732e-07
317,1.0,0.33206531567309483,1.0228465201658583,0.3245474406952149,4.7272374467592905e-07,6.718444852505364e-07,-4.9458851834869616e-08
318,1.0,-2.0676997814483817,2.462053037870277,1.7177211661391671,-1.8001325538210353e-07,5.677636186528767e-07,-4.6318710647694264e-07
319,1.0,-1.133488341647601,0.8945978135067388,0.28686386526745145,7.031625632812458e-08,-4.906042602883133e-07,-4.766522896563806e-07
320,1.0,0.09522595933124176,-0.13844941849332823,-0.8391219944578661,-6.475630880276557e-07,-6.19353466986376e-07,-3.494284367331537e-07
321,1.0,2.4426631027036887,-1.0726353682044583,-1.6383231309121784,-1.8891176242770063e-07,6.313174518173653e-07,-4.071466733958379e-07
322,1.0,-2.975709752911535,-2.34823051665206,0.3704617614849044,-2.406970373994267e-07,-3.4918137281054976e-07,-3.519909891068095e-07
323,1.0,0.4036774383980913,2.2652857808982567,-0.8688630669262414,-8.212977107767738e-08,8.587199832732633e-07,-3.9877601129050955e-07
324,1.0,3.270296122469933,0.6149367422676838,-0.12049567056813054,3.0791725565031454e-07,-5.481568906034537e-07,-7.620653348612359e-07
325,1.0,-6.20685997801175,2.5846984875176973,1.5957415071401646,3.7800463890597904e-07,2.6583576396489995e-07,-4.5344296090411775e-08
326,1.0,1.6960090855699013,-2.4167615790759025,-1.3974477756510182,3.920963361316645e-07,1.9423224125541843e-07,5.192801231613907e-07
327,1.0,-10.47539198307487,4.86080782626827,10.076840036319421,1.7733111069876546e-07,-1.6380791149754485e-07,2.5575599435769607e-07
328,1.0,-4.994232950403511,-3.2233142798026355,-2.913216852169258,7.93707499550306e-09,-4.0013787882438695e-07,-4.67658418534817e-07
329,1.0,-2.1324191895711033,-2.8426803699447576,-1.7659809468090215,-3.0279458499031035e-07,-7.680647699368684e-08,-3.7363631862410085e-07
330,1.0,1.03231194227373,-1.239021620668734,0.27285931877157066,-8.645459404460845e-07,-2.4665822395519813e-07,4.252980939636784e-08
331,1.0,3.604001052296532,-2.1793331662583086,-6.07538854826739,-1.5579837469126503e-07,4.469062080942516e-07,-5.2986978771088115e-08
332,1.0,-5.237241556893283,-1.869644001706522,0.09062240012478281,-2.9517889286429043e-07,6.375110293162602e-08,4.064289686040317e-08
333,1.0,0.9168599342706512,-0.5233154967169606,-0.9744873133491614,-4.99248112608589e-07,-6.132611732154582e-07,-3.2757606943148415e-07
334,1.0,-9.758089501041875,17.093597544766123,-3.1248667403758645,2.997343942141081e-07,-1.496107963094839e-08,-4.303443488127974e-07
335,1.0,-1.2393165491772973,-0.7882770910153883,-3.017351912160579,5.551324773887281e-08,-7.221689066965489e-07,6.126028827884358e-07
336,1.0,-0.26535212919310125,0.1741484662928947,-0.4084448441218776,-1.0291962228767164e-07,4.2240273701455997e-07,2.5432202814940376e-07
337,1.0,3.875518514141425,3.194889774400847,-1.6921244148429917,2.651796500166526e-07,3.053894915515867e-07,-5.3685696574821775e-08
338,1.0,-0.4628317385651466,4.336863705786427,-3.906161679851234,4.3083087901823494e-07,1.5688919502027078e-07,-4.7521273899935145e-09
339,1.0,2.1061458566123443,-0.2134777017622004,-1.3125217802176345,3.2460545949975313e-07,-2.787252876238396e-07,-3.5213718955842113e-07
340,1.0,-0.776223526520428,0.2690374133000593,-2.0111264573839116,2.771973757927902e-08,7.972741026171347e-07,-1.6587853073927502e-07
341,1.0,5.962068991993184,-9.781851311499688,0.13346423988498793,4.301424381071434e-07,-1.4334164334163188e-07,1.842900057940505e-07
342,1.0,-1.5078028154717042,2.5856575632671466,-0.1701460792390848,-7.075747131167269e-08,-6.989851895984446e-08,-3.0915722780209536e-07
343,1.0,1.1314503887051695,0.94946531982076,-0.24046777725460777,5.249411502128301e-09,1.7706547941845883e-08,1.0316361616909174e-06
344,1.0,9.288665729493614,-6.2681746252645185,-5.5613062421145845,2.1606304078669724e-07,-2.2039523194710708e-07,-2.3478173650462804e-07
345,1.0,-15.27359082819311,-1.2320574008535685,1.6779311613935257,1.3894836988677404e-07,5.39585900534423e-07,-1.0663367033373863e-07
346,1.0,-1.4524506578482508,1.8757863549166545,-4.033029910450201,1.4630770191020664e-07,7.483568672233849e-07,-5.57987926645114e-08
347,1.0,-1.5660561934885606,-1.2726714727800892,-2.200360392783159,-2.3824993875559632e-07,1.4088877894256863e-07,1.3131758607099726e-07
348,1.0,-1.7788563537794273,1.6943460561644441,0.13551611661328244,9.743134200013831e-07,-2.5956714962693707e-07,2.8422160304909766e-07
349,1.0,0.7609419886397119,-2.7873645703018046,-1.9154046180915427,5.867233484437099e-07,-2.0668219125623499e-07,1.2158962393757474e-07
350,1.0,4.241869215956494,7.9774217566036905,2.960087679979401,-1.4850409152112098e-07,6.426323489377516e-08,-5.062456949527497e-07
351,1.0,0.7792817672539899,0.5649243194325331,-0.8979842093266233,8.827527322877231e-08,-5.794984639738509e-07,-4.031962148139549e-07
352,1.0,-1.9789573819798718,-5.330190177116728,-2.707692043350591,-2.0669213015646883e-07,-1.2313868492169373e-07,-6.213384039889489e-08
353,1.0,4.934125449205041,11.096586701419772,-6.301512567550428,-2.8381065256909114e-07,1.065590699666629e-08,-1.734765811658419e-07
354,1.0,-0.5884119646625579,5.480447647376573,0.012744523125976515,-2.923837467978034e-07,6.700307460468017e-07,-6.95252276270266e-07
355,1.0,-0.24490960063317302,0.6964056852037356,-0.2976967228979244,-2.696684241900458e-07,-7.925127129972242e-07,6.424657743275451e-07
356,1.0,-0.003034782675888456,-0.5579082705508117,0.809084570461605,1.732852806399798e-07,-1.0291071721894566e-07,5.927627236418622e-07
357,1.0,-3.4364277276083346,2.966010518141391,-1.4076454750014176,2.565797264444519e-07,-3.9371562802509354e-07,4.835614044004723e-07
358,1.0,0.9550640643436611,-3.6699681883750506,-0.11615311707160231,-2.3143262493804396e-07,-5.6743538307364804e-08,-1.5197524227992114e-07
359,1.0,-2.7453005060678235,0.06949120223407482,0.1735239341195057,-1.2205061040196181e-07,-2.7674351815088747e-08,-2.7489951949920533e-07
360,1.0,-1.535029533746495,-3.1583873294562057,3.5145678617512464,9.83327717983883e-08,-1.1998485500729886e-07,-5.443074791386237e-07
361,1.0,-0.5946190766997804,-0.5170910055023065,1.0877520608309807,-9.724337864225773e-08,-5.249567044973549e-07,-7.602538557396487e-07
362,1.0,-1.1397166144332687,2.4420097077002123,0.7882584035442661,1.1583632966938701e-07,1.0158786462691402e-07,-5.717130353067762e-08
363,1.0,1.218189672864479,-4.208479922910424,0.1873495404340398,-2.1303785287592317e-07,2.8197530661659923e-07,3.4702972384546674e-07
364,1.0,5.17064192616084,-3.0937896506180946,4.739236452223782,2.603280163130731e-07,1.7813083304383197e-07,-5.03439408452821e-07
365,1.0,9.16967538498022,-1.3062338046661348,16.41719040088528,5.109574069873813e-08,1.1489573694985898e-07,-8.584432583591228e-08
366,1.0,4.620601248315586,3.197014125850007,1.2265471863635231,-1.3467444438008663e-08,-1.1521508920505663e-07,-6.719358423422049e-07
367,1.0,-0.5218396067691381,0.17071219108194685,-3.977178780331873,-4.877682020904721e-07,1.3086746396891274e-07,1.9666196702302217e-07
368,1.0,-0.4821955050864243,-3.2995502273209745,-4.356048891593724,1.2571569876678118e-07,-1.8209808925860633e-07,-4.9323337322080456e-08
369,1.0,-1.1905379107184597,1.544866096060053,4.081616306933531,-2.143505582403996e-08,-1.6290007165014464e-07,-2.1007588047455018e-07
370,1.0,-1.9824490397331507,7.675126006124228,5.9526523134386995,3.2710515206279665e-07,-1.3714773791425452e-07,-2.208625356636673e-07
371,1.0,-11.421535333713798,12.579304352063751,5.274543226223749,3.632182978361765e-08,-2.3534113281263956e-07,-8.126967757030411e-08
372,1.0,-0.7853898081197364,-0.6060589302201695,-1.0687757125282953,3.51158793673414e-07,-2.409867506781585e-07,4.006669177650122e-07
373,1.0,-0.2976160035790974,-1.1428445655011055,0.1268264722369038,-7.059154043396445e-07,-3.568982678403071e-07,6.850057802131602e-09
374,1.0,4.086936500156067,-1.4043213443540152,-0.616678548186667,-4.903093193388063e-07,-1.2770507099891092e-08,-4.124890343859812e-07
375,1.0,5.93820620863956,-0.2936095478507902,-4.8342774591098765,3.166005427616258e-07,-2.592727489202821e-07,4.439474271293918e-07
376,1.0,0.2974543646075898,0.6291000122889434,-0.25624620269256015,4.530488298878476e-07,-4.0275446884447214e-07,-7.086209807491877e-07
377,1.0,-0.6310122054744856,0.12330200940790864,1.2872914747501087,3.789801124145417e-07,-4.1256511523873365e-07,1.3634370882094943e-07
378,1.0,0.41016113276872007,0.530195913873634,5.271922155153211,-1.831928731056501e-07,-4.783564456490868e-07,4.772234646251445e-07
379,1.0,8.232920813476742,-2.993469998820353,1.3693316869609864,-4.0928354757473356e-08,-4.067954507911432e-07,1.3055631938719706e-07
380,1.0,1.834285785059226,1.2170548836000656,0.3843852631851703,3.587690675258764e-07,-5.323319528085896e-07,2.1508243204167704e-07
381,1.0,-3.9726595486400322,-7.6397761950024785,0.3027724441851552,2.816551164888455e-07,1.2160154151595276e-07,1.6513781438381397e-07
382,1.0,2.3787039909622463,1.6704132811977588,-2.5410299980475584,4.725032921746622e-08,-1.494097388451832e-07,5.143332488299579e-08
383,1.0,-3.338234285853332,-3.9970905996296224,-2.102901925575758,-2.911104865416264e-07,4.5218201594732924e-08,2.4569308990885736e-07
384,1.0,-0.9556707849515658,15.877254966072654,-5.699660899767708,1.0466008836939144e-07,1.9451961799453226e-07,9.744449891288032e-08
385,1.0,-3.635014945354576,1.831579217596915,-3.3225624139006427,1.4845990666171564e-07,3.2332338881616137e-07,-3.8843444076964135e-07
386,1.0,-2.0330727578057424,-1.643355134411604,-1.4798536590749627,-7.341675580112006e-07,-9.303287604499673e-08,5.682520735057527e-07
387,1.0,2.9864623670475856,0.16395408077474805,4.358982326221052,-3.8580322082055566e-07,-5.0587594972938094e-08,6.253644499773307e-07
388,1.0,-4.735303804290956,2.8481752075186777,-8.049443028564443,5.629427898939596e-08,1.7091477530007306e-07,-3.0100582516561624e-07
389,1.0,-0.33303386237668686,3.3352273050645223,0.9895788584267824,-1.0747939748837142e-07,-8.075523298337904e-07,2.2360390584356567e-07
390,1.0,0.9655450502471619,0.39218639593689136,0.7512791415573958,5.410253308723391e-08,-2.1651808553294098e-07,2.306931331110818e-07
391,1.0,0.7040476872272204,-1.2799840514022933,-0.20302532301984622,-2.688879013516288e-07,-6.757200869799109e-07,-8.660097034762616e-07
392,1.0,0.9484056094118507,-4.872765292883913,1.530241197176149,-9.869212967449533e-08,2.709195552482443e-07,-3.132127503951936e-07
393,1.0,-1.8799765994217434,-2.7974052141400043,3.606420429177316,2.989723121383949e-07,2.1088536870776901e-07,-2.475277264092854e-08
394,1.0,-3.0000105998889044,-1.7103211914864933,2.8696271841122987,-1.4095641933520033e-08,3.1076010217060653e-07,7.246800494512066e-07
395,1.0,-16.09414292860989,7.829021786067008,20.965112363237356,-1.4349854214140207e-08,-2.6535383283861287e-07,4.4344582684394916e-08
396,1.0,-9.868411665395469,2.2165034762799753,1.0759293345967333,-2.6091891117255157e-07,-4.547199189812003e-07,-3.5606849664784593e-07
397,1.0,-1.6184228277046868,2.8920414389029454,-3.1463598035527753,-3.108644922374923e-08,2.9837049192312713e-07,2.1988674350112363e-07
398,1.0,-0.26200486561546066,-1.8317687199979151,1.6707237243909598,-5.954813296941005e-07,8.165868485362178e-07,6.925298593551017e-07
399,1.0,-0.42621005746895646,0.43178735585787603,-2.614840456039158,-8.054549789458064e-07,6.545897610887155e-08,-2.317146619538993e-07
400,1.0,-2.5815975697441464,0.43719120672410033,-2.9961134344109523,-3.5010885100378355e-07,2.1841205953716348e-07,6.621021271833305e-07
401,1.0,-0.1712178513999681,0.9235176372345264,4.171742799110573,5.938416291091614e-07,2.231822072396777e-07,-2.1375557220259118e-07
402,1.0,2.2569493297504666,-0.564541645904401,-0.9061777650162268,-5.255609268381707e-07,-2.2391060440951096e-07,2.5479658537077134e-07
403,1.0,5.548282284890621,-0.4954605792804033,-4.846031347145607,1.751602789685293e-07,2.782233327016473e-07,3.5838732231479206e-07
404,1.0,-0.7466172071396189,-4.282456676214036,-3.0268000363808345,2.3397967869540813e-07,-1.5459862243759988e-07,2.571064319425166e-07
405,1.0,-0.7055152029258649,-2.9981735739025144,-3.5256989813460597,-1.2662165208444944e-07,1.0031324955564653e-07,4.4163931533522407e-07
406,1.0,4.8903982986025945,7.354884465962777,7.756001973807138,1.7890702568129967e-08,-6.747516007614896e-08,3.956320116105002e-07
407,1.0,-1.252343618656535,-2.2584515409411114,0.666939122996965,2.228492397423946e-09,4.3404931360742114e-07,4.166183632284683e-07
408,1.0,0.5047135585338647,-7.8209291224202975,3.1886434885844026,1.0968573900795483e-07,-1.909573658103517e-07,4.4572230163817705e-07
409,1.0,-17.64122278784956,6.388497095536235,-3.188001369903216,1.9845160572913928e-07,3.094588776200109e-08,-3.1992527795980564e-07
410,1.0,-1.0696321915683087,2.6275813254407914,0.21626003697981896,3.4589438720919668e-09,-2.812061995457369e-07,7.844115495515494e-07
411,1.0,3.967594978763768,-2.436887460800086,0.37515122585907157,1.3916597776682863e-07,-1.1136572821493683e-07,1.9659071892962456e-07
412,1.0,-2.997770033326276,-2.308593198734529,0.4480983239083582,3.854831823883479e-07,5.675707659789626e-07,-6.858201245861155e-08
413,1.0,-3.4483338656643117,4.160765094421103,-9.547890027017111,-3.176301109403767e-07,3.9700946146900536e-07,-3.6749683616231215e-07
414,1.0,2.1747178133431797,1.9022681343323546,3.5842274511633474,-2.550595561944753e-07,1.70195219868053e-08,4.92680851559773e-07
415,1.0,-4.386910836957759,-13.510737055447887,-0.5331654483951775,2.9011016527979643e-08,2.922041345600779e-07,2.1387235347802715e-07
416,1.0,1.2672057196532096,-1.4867480264150625,0.08727500721021186,-6.009090689006151e-07,-1.7233790849699092e-07,5.788082785264856e-07
417,1.0,-2.7593648519295915,2.2278131666355354,-2.111958623593452,-3.711545022791974e-07,1.4631041027044883e-07,-7.99748391736128e-07
418,1.0,-0.25105173000513054,1.1661928686058778,-3.4804827205178377,6.741067470425567e-07,-3.1266074752208507e-07,-2.260550856383415e-07
419,1.0,2.0460721057017452,-5.596608041027216,-2.1600532553799567,-2.0490311464217992e-07,3.119470093070949e-07,-7.811365287139542e-08
420,1.0,2.796447951153688,-1.6187838662746499,-1.654449181581744,-4.014315152988337e-07,-2.787358161765199e-07,-2.299795559714006e-07
421,1.0,-2.466098868351806,-2.1271380657592722,1.66933866706042,-5.141182588356237e-07,6.084704916045274e-07,-6.22061995529904e-08
422,1.0,-2.233976842962395,1.2784740309604217,2.9590252152779164,8.849789977688522e-08,-1.9048225537640267e-07,-7.060000774640508e-07
423,1.0,3.1550754909838297,0.23064373671928856,-11.495657904106748,1.0323610206262788e-07,2.145620885970398e-07,-2.7087624195020063e-07
424,1.0,0.7946036693001453,0.6106995792048007,0.7222040230862443,4.915307449508881e-07,4.43090193173427e-07,-4.727153904128326e-07
425,1.0,1.27385141497291,-1.7778424256524803,-2.7269850474873567,-1.8818911107891448e-07,-7.411212796439501e-07,-1.8441724647718628e-07
426,1.0,-0.6044193230774506,1.9630197766470965,-0.3436477673696576,3.551244136780195e-07,5.054110077476919e-07,-2.834058187886038e-07
427,1.0,0.09281866396869536,0.26628114434529104,-2.367437852716218,3.7456221380342565e-07,7.707549647995681e-08,-1.0946890369296183e-07
428,1.0,3.0856008544889413,-1.062765093238207,-6.029890738623626,2.8826716143217156e-07,5.123439158140759e-07,4.4491998073999977e-07
429,1.0,-3.515556263420141,2.864961597691762,-0.3364828882494095,-7.13753862569223e-08,2.6180479208608403e-08,1.915517067271096e-07
430,1.0,-0.7655970800114333,-1.9315133978484968,-3.084485014994154,-1.6901591049860475e-07,8.160091591542603e-08,-3.343913176935824e-07
431,1.0,1.6832253781045603,-0.5177741746726701,-1.0058963569849313,1.275046898965366e-07,2.7874257973542974e-07,-3.5390079638400825e-07
432,1.0,-1.4506889866918093,1.7993004252029032,1.0200855140012899,-7.475669096143848e-07,-3.1540753103760777e-07,-4.6813015379435837e-07
433,1.0,-0.10278558283917891,0.053856600751491075,-0.6756359713381004,2.9067309756692466e-07,-5.235320882130001e-07,3.098536907363088e-08
434,1.0,2.181819869273614,0.11500334435993848,-3.5119870045779864,-1.856565119446058e-07,-4.635623456803567e-07,5.38320429983891e-07
435,1.0,3.591139036431188,-3.2778237396042793,-0.3750064968665409,-6.436254697659699e-07,-1.749720901495579e-07,-1.053724623549888e-07
436,1.0,-1.385235127888257,2.3529873984982257,-2.4891061632616007,4.2104300902777387e-07,-4.3684336964802394e-08,3.299956835784422e-07
437,1.0,-0.4792738545225814,5.644643589913989,-2.120254481237789,-5.360448418848818e-08,4.612072409586753e-08,-6.602640218503979e-07
438,1.0,-0.5842892675084352,-1.7212449158718166,-0.5583578859988043,1.910305765819227e-07,6.854819763586256e-07,-1.571030943025506e-08
439,1.0,1.0958156483580215,-1.3215650023660006,-0.6664636136162398,1.3490289951853293e-07,-1.6115877490935233e-07,7.996823545851636e-07
440,1.0,0.09535883675632512,-2.7669942371632903,-1.8302078394006167,2.1893239578026806e-07,8.502170339206376e-07,9.830794534576554e-08
441,1.0,-5.0905297509681695,-1.2387366932675223,-1.918253494767712,4.09443030210951e-07,-3.4712147956741553e-07,-2.1741477572864667e-07
442,1.0,1.3390506948340963,-1.4858659698707843,0.9376746875243356,-7.754708900225972e-08,1.1756799017200727e-06,1.2748568017603167e-07
443,1.0,1.0043174323312072,-3.7509707926152327,-0.9118061617012436,-4.2789111188522493e-07,-4.617661870704208e-08,5.026957715832446e-08
444,1.0,-0.6442142828715609,-0.6800244096367496,0.27426068915577906,2.1390901863688794e-07,-3.2749948906284867e-07,-6.372433507124537e-07
445,1.0,-0.7912460848926905,-0.26901045623285785,-6.287673432287257,-9.30013054720407e-08,-4.776368373209931e-07,3.0698817558860623e-07
446,1.0,-1.448829521349413,12.60876285773769,2.6711887048370198,-2.545015553939124e-07,1.461229348002252e-07,-8.56264096558949e-08
447,1.0,-3.9727689324019915,-3.2506350657773853,1.108006933186872,-7.133004654716461e-07,-2.025432959603642e-07,3.4610244610430775e-07
448,1.0,2.7496573970924656,-2.4418269956397274,-1.3759640637015444,-3.018693089477957e-07,4.3019751192347317e-07,-3.2187738530181357e-07
449,1.0,3.9762470747963485,-0.3395760157687305,0.6447150552166757,-1.4091514268199686e-07,1.3279015049359905e-07,-1.8984631032372128e-07
450,1.0,1.0515351101060295,3.9133479841167325,1.2661715690491668,-1.2273039334058815e-07,1.626346451389486e-07,-1.9021637190616925e-07
451,1.0,0.3298226866789829,0.6922437701970738,-2.534636204518847,2.3245856069781806e-07,4.426587674106313e-07,7.631004770611733e-07
452,1.0,-2.8672094745804415,1.4780476757803762,-0.04588693184922696,-5.624488400368392e-07,-2.0497670805153237e-07,-4.09985007645617e-07
453,1.0,-1.6957281071857762,2.991908387158972,-2.6860997549464662,1.65683142923216e-07,-6.097988924464614e-07,1.5736967521237297e-07
454,1.0,3.2858650655089514,1.709759408896457,7.3595293228228025,-3.969027768148453e-08,2.2808259648219432e-07,2.8632680159420782e-08
455,1.0,0.4918201834165386,-0.7281097873348216,-1.0272692865490927,-9.231781728202463e-08,-5.74981346903919e-07,-2.2028589600434434e-07
456,1.0,-0.1133574393304756,2.436603199815603,0.33594075241034516,4.1328077383329266e-08,1.577524620163647e-07,-3.766642267008243e-07
457,1.0,7.215398925003508,7.952827773197486,6.509460507186411,-2.320107923315225e-09,-1.4703295026480618e-07,-8.55236828413534e-09
458,1.0,-4.422981383880483,2.0201826320579634,-3.474343560919096,-3.3830301662645306e-07,-6.531502097511049e-08,9.410745067596917e-09
459,1.0,0.15096943432930093,2.9085560681715323,1.3365648293574297,3.92445672268015e-07,2.1826288142927912e-07,-4.163023996684453e-07
460,1.0,2.4443563566949162,2.4705065516978078,1.147360171259341,-3.027691344732236e-07,5.929450442592974e-07,-6.124385601178485e-07
461,1.0,-1.8504174138530864,1.687377464624131,2.6355353905332026,-8.95315559577245e-08,4.911557249024088e-08,9.262628129058997e-07
462,1.0,-4.793914065133833,-6.78524907432166,-8.243194087490107,4.0520988781797976e-08,7.720160195259003e-08,3.5233207021295364e-07
463,1.0,2.540113795069156,-0.17561989562742408,-2.2163001349944516,-2.4439495181213513e-07,1.487762585790166e-07,9.152217174258375e-08
464,1.0,3.0609372749852835,-0.18691131720053739,-0.37951609422881677,6.463572246577623e-07,1.7221032686316283e-07,4.952795992262346e-07
465,1.0,0.7374007253333075,-0.019579402826789574,-0.04275282486602841,6.335673530135362e-07,2.616256400849781e-07,-6.119444560993807e-08
466,1.0,0.43415330301865857,1.2490446623844567,-1.1327634837661986,-4.759680565268102e-08,2.6038406559319743e-07,3.718331803239354e-07
467,1.0,-3.654112039328851,-2.7966093165351054,-2.102792334637789,-4.0871378364916025e-07,-2.5236057685622436e-07,8.167662304162383e-08
468,1.0,2.5768054948163934,1.9733692886166163,1.5472421829055583,7.799749223255289e-08,7.046829736326481e-07,-3.1662819703098814e-07
469,1.0,5.471217583275933,5.910313489537065,0.9706471315032097,5.1986547759424024e-08,-6.462390535087151e-08,1.3963555645117713e-07
470,1.0,4.772767967455318,-1.6765146485770044,-2.318366914094586,-3.1448346218860555e-07,2.583573539713841e-08,6.24775717284861e-08
471,1.0,0.47124819107744936,1.4158496130079767,3.4700150133595797,1.4615983505217621e-07,-1.4712968055392188e-07,3.5029817855960906e-07
472,1.0,-0.7037887621709131,-0.27345765005751826,0.03657326738261854,-4.157935181510346e-07,7.689419119526949e-07,3.382301342695813e-07
473,1.0,1.9222890330345015,-1.6241586086322302,0.7415840710348665,1.5663572197535452e-07,1.349751918301173e-07,5.108161609822959e-07
474,1.0,-2.225939562243102,3.5379360978420884,1.3672362613049993,3.3932033267681615e-07,-9.903497094099379e-08,-2.467749271933289e-07
475,1.0,5.94550390674566,-24.848319928412234,-7.925969962501938,2.3078822573547975e-07,-5.4039409870049784e-08,-1.785280985297814e-08
476,1.0,1.335796246873031,1.2900059156187027,1.2855043988633497,-6.050508983512124e-07,1.6057988607533303e-07,-9.351375505496066e-08
477,1.0,0.33101445006761976,-3.2522072060409952,-0.29166399148992855,1.661475333340846e-07,-2.7746867680825357e-08,2.608147445341617e-07
478,1.0,-9.385256068619222,-2.767826737144522,2.1194821412482883,4.898784746436244e-07,1.1182844782817889e-08,-1.215134627831662e-07
479,1.0,-3.0122969536556576,-2.723750636519632,1.086323963558085,5.530902140303386e-07,1.484688837218497e-07,2.3188154492877747e-08
480,1.0,2.031333497748691,1.3375092552868273,-2.9389433713422126,-4.2430771576163116e-07,3.1601885940217647e-07,2.682279715525543e-07
481,1.0,0.9684431063647658,-2.4794127185563872,-2.6677362871432053,2.7319898898747235e-07,-6.276099657906537e-07,-2.9269505595105855e-08
482,1.0,0.7284714571227238,-0.9575846466079498,-1.1045970632977833,2.6854661166388255e-07,-5.523143815797751e-07,1.736654708060707e-07
483,1.0,0.8316731739524488,3.647191030619044,0.3639147720583496,1.4304697036778628e-07,-5.907841545534501e-07,9.486667257051811e-08
484,1.0,-1.6412455797841277,-4.283349011100519,2.1936584245563875,-1.4545600876822956e-07,3.7082659689317277e-07,-7.627054190040574e-08
485,1.0,0.39445422164616906,6.973289471800614,3.6376581127362497,2.3954834743160223e-08,-2.1759705246201205e-07,-2.598492077567874e-07
486,1.0,3.650510314260842,0.5514086440001208,4.080104890105331,2.661701287298812e-07,-1.5963828735342164e-07,-2.7810793302578714e-07
487,1.0,1.5239592136615019,-8.359097511723935,-7.815655344488846,3.733163932056582e-07,-2.059483341470247e-07,-1.667196887341362e-07
488,1.0,2.001633057598771,1.9572006994668443,0.3920511460995765,-2.4067234230293304e-07,1.9481278951385591e-07,1.149011805904611e-07
489,1.0,1.2627239438351658,-1.6393152556917503,0.7709515660126434,-2.0887129161449214e-07,-1.735936531055198e-07,-2.7859889798287156e-07
490,1.0,2.643360362324043,-0.6592570714343393,3.0716232581702574,2.0246486524018217e-07,-1.719071692632669e-07,5.70325444795738e-07
491,1.0,-3.766951625299529,0.8111836488684588,0.6801437192052762,-2.3259794402950987e-07,1.7916380817926644e-07,-5.536527500286242e-07
492,1.0,-2.5918204247166807,0.4973442306410659,-1.8427126799322024,-2.954056439982416e-07,1.5798636774309904e-07,-2.762069902706401e-08
493,1.0,-2.8850009189902286,4.752855721282847,-2.76483378943383,-2.8370398932354265e-07,3.1369020365579757e-07,-3.2203469559533485e-07
494,1.0,-0.492351521016967,-6.743325203338616,-1.533428501773533,-3.182443301812159e-07,2.7220720477910625e-07,3.2954177278527556e-07
495,1.0,6.7710531837513015,0.34527278955162255,-6.768085338115785,-1.2358896385464167e-07,5.502690953222359e-07,1.3129090283498993e-07
496,1.0,0.739936114457058,0.3985917014977528,-0.7466280272092545,5.669625129351533e-07,3.0337281864484186e-09,6.092888824979668e-07
497,1.0,-1.6355837032870952,-1.0624159115317906,5.9507413528411295,6.303169090668525e-07,-9.046680168985625e-08,-5.526740792596495e-08
498,1.0,0.3534406436806573,-0.041479890249029774,1.0203506758191663,3.529857784252276e-07,-8.062961907210694e-07,-1.455268902863637e-07
499,1.0,-7.913370071422388,-5.774630687582788,-21.312582355688235,-1.6578346735651873e-07,1.0777606705950563e-07,-3.8805751444942073e-07
500,1.0,2.5796367793065462,1.1099746401632982,-3.143665992857617,3.2862277311584513e-09,3.9440323930765897e-07,-8.785425835154346e-07
501,1.0,-2.540914705603541,1.8316210466064564,4.389564802021759,-2.550866873918457e-07,4.6226846949236916e-07,-5.50824536872886e-07
502,1.0,-0.6861944859137042,0.8049630628529717,8.40424045711333,3.5200235699799873e-07,3.664831189640881e-07,-4.0448670300786925e-07
503,1.0,-5.445047759569028,-5.4096156801794555,-0.6557911106630654,-6.980387994214257e-07,-2.134926272158425e-08,4.031648287889778e-07
504,1.0,0.6098737301420027,0.24079763252826802,3.0327905172266005,8.663069656899712e-07,-7.598597599589455e-07,-4.812660344287553e-08
505,1.0,2.0503548146644857,0.20586213835306477,0.6348472902838357,3.913717734442683e-07,-2.1957660051719955e-07,9.74434173023598e-07
506,1.0,4.17786537007188,-1.4199774657521158,1.7124562479515022,2.372668674959022e-07,-3.44221952867623e-07,4.850706594962236e-08
507,1.0,-0.49237057715361143,1.1264310515558482,0.9704993297871332,-1.3138272721737297e-07,-3.9661193008303746e-07,2.62394827722746e-07
508,1.0,0.4276077346473722,-1.1506393677635358,0.6552979949202258,-2.2092344541107655e-07,4.109408969596957e-07,9.417037287767962e-08
509,1.0,2.1758830708314285,-1.057284717647979,5.798037777320936,-1.6136413951341424e-08,4.4023687606445595e-07,1.4717672388014526e-07
510,1.0,3.0773178919353175,3.4006678288556,-1.373765185796788,-5.50905381675474e-08,-1.0172998324509063e-08,-3.191303189185365e-07
511,1.0,-9.077800339280849,6.225366128811391,-1.3759157710462322,2.503442431946399e-07,-2.203680235514439e-09,-1.492078422132959e-07
512,1.0,0.8740607264992345,-1.1290003598231415,-0.8325543906070776,-1.0265243938927354e-07,3.4747059582291963e-07,6.617672198630875e-07
513,1.0,-2.1092218334393893,2.876552756885717,0.7600324497181541,4.3974374482903685e-07,1.2850931719399653e-07,-3.261266963267286e-07
514,1.0,-2.039131220927856,-3.942021654840601,2.460121254293466,4.1849955808992264e-07,-2.687266112905576e-07,-8.775623903563032e-08
515,1.0,-2.7408775456767023,3.046507742291056,-0.07944312370722073,1.1436947018204871e-07,-8.300679507844822e-07,-4.8328540328136786e-08
516,1.0,-3.4983709687398514,0.6292392035251985,1.2534213092725743,-8.999657146985554e-08,-6.173406799225779e-07,2.0845795572629927e-07
517,1.0,-2.0067831800539757,-2.4456816104378563,2.507826079726528,-1.5216818897804902e-07,4.689326179887872e-07,-5.786246591361727e-07
518,1.0,-3.6971141341373306,11.14641826445006,-1.42973816575549,2.9512764689798966e-07,-1.9380723643694998e-07,4.4187120343414075e-07
519,1.0,4.213158549055809,-0.6218253832055064,-3.2713541713136576,7.73268850014985e-07,-2.505038245079061e-08,-2.0981252618882082e-07
520,1.0,11.331609047123234,-4.852346514721896,-1.9121759403930427,1.3615961230523723e-07,-1.396011023821074e-07,-2.1172890802646815e-07
521,1.0,0.8548804901871232,3.561631779997116,0.2565296419244315,-3.421469455680965e-07,1.7933054731200626e-07,-5.110741021065397e-07
522,1.0,-0.902262857428966,-0.24238516354657025,2.494100877076986,1.2631474589409855e-07,-2.2001666915417733e-07,-1.1423021119475111e-07
523,1.0,0.6558890869226598,-7.439257320567046,2.178163846701753,4.338815144598858e-07,-4.531092610701396e-08,1.2882518421091086e-07
524,1.0,3.250560404625226,-2.2859600143308576,-1.2334802617053766,-3.9849766216310124e-07,-2.861626104745451e-07,1.8982725494983405e-07
525,1.0,-2.1595570996599154,-0.1474208311570972,0.1600956623213747,-3.1584343031232127e-07,1.2249946713209173e-07,-5.518150322935486e-07
526,1.0,-3.9942945631387827,-3.502269191545199,-3.5625130345602125,-8.844959063313112e-08,1.948971107092033e-07,2.356931031353855e-08
527,1.0,-0.04536359369905704,2.661603077913038,-0.8440943924321804,-4.950278223585399e-07,9.209149625742102e-08,1.3818803953443314e-07
528,1.0,-1.382230206914805,6.569773610084006,-12.63379758762741,-4.6338760208510294e-08,-3.9456579852344404e-07,5.39517520282316e-08
529,1.0,-0.8565747183062662,-0.08066806389504046,1.9155841030496763,-1.2284076823702503e-07,1.8536721752711298e-07,4.973065167530412e-07
530,1.0,-2.0279871193116303,-2.4192533197371957,3.0294276654059273,-6.563386947756851e-10,2.1552587126080703e-07,3.305352397645248e-07
531,1.0,-10.177962095980783,8.745699588280267,11.212363060232137,-3.338983594620401e-07,3.2272535875158783e-08,5.6939947308102066e-08
532,1.0,0.531792150542566,0.5644210308765151,-0.569607629177836,2.581980851784715e-07,4.730867403013546e-08,6.219045924916201e-08
533,1.0,0.44769790262667924,0.41334302201956524,-1.600806541609632,4.3873220784561763e-07,3.117851543277146e-07,3.2353009233434556e-07
534,1.0,3.648558305533112,-0.16713142756053126,1.2363384528780978,2.6706169646700813e-08,9.114069381497178e-08,5.549497844809506e-07
535,1.0,-0.5114297102434184,2.9875015336596804,-2.177875583064748,-3.257368704584651e-07,2.2499174998699164e-07,6.682126827380037e-07
536,1.0,1.2352808757764635,-0.31782400844380965,0.3983146955187809,7.58790958500425e-07,8.839139242068822e-08,-2.0876190804104723e-07
537,1.0,3.5407262028622197,0.9200406816354632,-1.6757998845625781,1.57390971945653e-07,4.7757174148447505e-08,-1.630874358972104e-07
538,1.0,-4.640087370593669,1.3354661937381513,3.0324103329073777,-2.071264806078687e-08,-5.340406933544688e-07,3.489934268931848e-07
539,1.0,-1.686513329949985,1.8308706650309052,1.3667106483521045,3.7662513734471175e-07,4.795024950171508e-08,3.777632255657201e-07
540,1.0,-4.044850532206079,7.523154088181201,-6.82033601001294,4.1710358407735526e-07,1.6305329016699524e-07,2.3902745030845046e-08
541,1.0,1.191528265456723,-0.6614179816520874,-0.5546064355384754,2.6438559688950166e-07,1.0511873964421398e-06,-3.6879203756573e-07
542,1.0,-2.116781527009614,-1.9471647583545721,3.6377813363479654,4.4744048053795357e-07,-1.028436373623264e-07,-5.209113664675841e-07
543,1.0,1.8069695909560466,0.46795976538055184,-0.14992763031923767,-2.39057801648933e-07,-2.0153998526443955e-07,6.333595377684472e-07
544,1.0,-0.6805585859362394,-1.2859617387654532,1.0663737484139566,-3.531065432246414e-07,3.7222548088241527e-07,-4.4554724564924803e-07
545,1.0,-0.5415564492619365,0.2991658258784534,1.2303958505909183,-4.051221972754679e-07,1.277928115992863e-08,-7.197325632181536e-07
546,1.0,1.6751780262450113,-0.6859905828456692,2.0165643596753315,3.4304045902400545e-07,5.323780910719161e-07,-9.175513406933369e-07
547,1.0,-1.7553086379168015,0.07771278223704411,-0.17692156207461324,3.1083376668510326e-07,-3.919237667828144e-07,-4.392384679165539e-07
548,1.0,1.52303902650088,-1.8356183998958202,-3.6661967228370154,3.2151558949121105e-07,-8.885459123367561e-07,-2.4373051343573475e-07
549,1.0,1.5224104825239908,0.9111764559650058,0.6329412797977357,5.895443994924748e-07,-3.552700067907675e-07,2.888370696439959e-07
550,1.0,0.3973139474102211,-2.3254517395346403,4.247201745861559,-2.672684037136401e-07,1.3927641602789987e-07,-5.951593282458806e-07
551,1.0,3.601753149722822,0.9568507724198948,-2.423231994459014,2.5317678945826213e-07,4.0131906964183933e-07,6.613000297950131e-08
552,1.0,3.6578294436524583,-7.924604328102658,4.3919142656152355,3.255833862730472e-07,1.5445961599200401e-07,5.058386986844304e-08
553,1.0,-2.54072765770243,-3.9226136610030182,-2.063109500901819,3.073816309077368e-07,-8.021945866920427e-07,-3.3091650583047136e-07
554,1.0,-4.685971615077027,-1.765454557398873,-2.8139831175629038,-4.483692740812805e-07,-4.10611339770641e-07,1.2749574871283837e-07
555,1.0,-8.04912388215017,5.883808987454539,-6.905896418706665,1.2362871025010396e-07,-7.335734656381362e-08,-6.420879108692022e-07
556,1.0,-6.201088587703164,-1.9743340015787425,-1.1430568887201868,2.734783064394507e-07,1.2549916245270744e-07,-4.317232226414667e-09
557,1.0,2.1237487968391022,-0.7665930480566887,-1.7387741866419393,-3.78695406637751e-07,-8.398846552858995e-07,-5.993619592850361e-08
558,1.0,-1.3641409321428906,-5.5738491816823705,-2.0411962450313337,-2.112294542371223e-07,-8.407209634129676e-07,1.8375665138497348e-07
559,1.0,0.7257590255449743,3.1762605992408464,6.268864375787672,5.067881046954138e-07,4.5233738093388433e-07,-1.8264943482311403e-07
560,1.0,-3.535318190507877,1.7151501775637252,2.337690843514727,-1.0759022786107996e-07,3.6586005974203636e-07,-3.6250233531183266e-07
561,1.0,-5.636663272476341,-6.362390770187824,-3.6417098897341234,5.030377198663567e-08,5.948973022887107e-07,2.0801654168779258e-07
562,1.0,2.659262336991695,1.1639861895964463,-4.079370063634252,-1.1432937049359418e-07,-6.34281237579044e-07,-3.432700856978206e-07
563,1.0,-2.556474446286259,-0.8882090921584282,4.656142900743936,-7.113978076847645e-07,1.375008356065359e-07,6.305933484622107e-07
564,1.0,1.920573539584825,-4.09474695260193,-0.5086538394962434,1.8461478795716928e-08,-8.549975482919953e-08,-1.3307930185904735e-07
565,1.0,14.583399829045698,9.48337416313015,8.933216553386053,3.398644631714024e-08,-4.043256677124838e-07,-4.1185691187501204e-07
566,1.0,0.1113728123897339,-2.4622232607148082,-0.9116586353704674,1.1404813139487096e-07,2.8191909369790064e-07,1.2091965932660175e-07
567,1.0,3.0827764687916126,0.9299961085568935,0.3418232485749906,5.298483352425548e-07,5.537527543918814e-07,8.145286667746467e-08
568,1.0,2.370416338073815,4.508943253669129,-10.498774274257677,-2.4100828664590703e-07,4.192041555521296e-07,2.482158418144856e-07
569,1.0,-2.2482238048895535,4.842821277636877,1.1618534422645777,-3.547186404430256e-07,-2.950319756215209e-07,4.245845940392391e-07
570,1.0,-2.0824651391882245,4.508158539156312,-6.59839888196418,-5.073639306098236e-07,2.978908513322621e-07,3.506252703696462e-07
571,1.0,3.4648959047180385,0.08768958462740462,-3.6841432682845348,-1.3704185400662675e-07,4.341086522212924e-07,-1.043968078573235e-07
572,1.0,-1.2337575449956935,3.593224223889543,4.462520564583761,-6.773037448677442e-07,-2.0073643505623613e-07,-3.571400544506064e-07
573,1.0,0.9959679943947968,1.4892234774470725,0.7750222471857207,-5.061882913619504e-07,3.0599153548268613e-07,5.500446684545602e-07
574,1.0,0.18192124507393942,0.2330814144410363,1.0807433842597358,-6.535332968331864e-07,-2.8661463216629413e-07,8.607339286886924e-08
575,1.0,16.056818214844455,1.9581081106170857,0.7346010278233601,-1.7406301982183372e-07,-9.180207020730644e-08,9.59277013188782e-08
576,1.0,1.24104393252143,0.2044053745961391,-7.0465070336973135,-2.0494850754156163e-07,1.6192046683971517e-07,-2.643356805343293e-07
577,1.0,-0.713458229690415,-1.4984576671265895,-2.4069286659602245,-5.056811668483316e-07,-4.322789261276708e-07,-4.7609017624884555e-07
578,1.0,2.1814530279047437,-0.8479962235101531,-1.568812832098845,-3.661017289602578e-07,1.0563258983738181e-07,-9.516614050708183e-08
579,1.0,-0.027021552542190824,1.6868201516244699,1.3585383584251105,4.2440004463370004e-07,4.588187562642499e-07,3.4009857110258645e-08
580,1.0,-0.31451917150216213,1.119232780858777,1.7120504795126577,-2.786294876743919e-07,3.515450196608901e-07,-2.4710222105241206e-07
581,1.0,0.122961421048287,-2.3798525194362057,-3.4710831998632434,-5.181224549298134e-07,-1.4403460141794735e-07,-9.956289170841792e-08
582,1.0,-2.567384222974024,-0.948690849870093,1.3568959703509789,-4.723332474815905e-07,-1.7405848933839817e-07,1.856739093259145e-07
583,1.0,2.267709310289818,1.717701262602312,-3.634892289649983,2.39059150596997e-07,1.767400470189568e-07,-5.155769539981003e-07
584,1.0,2.2254844898130557,0.6127761110327428,2.7519807667516325,-1.8573968618750212e-07,1.888958580982589e-07,3.465970570091824e-07
585,1.0,3.36824983774794,-7.704094131103207,3.866318993378349,4.2517851485799065e-07,-1.0476014356053474e-07,-1.3769139316982363e-07
586,1.0,-0.5608708825576172,-1.312329744590031,0.8075560995838753,-3.0701313731640624e-07,9.261109458131078e-07,-6.225339509898627e-07
587,1.0,-1.6477106665682866,-5.807188281403466,-6.73478338249858,-1.552800341577261e-07,4.9243802619495946e-08,-3.100924956852052e-07
588,1.0,0.5794104673576999,-2.6461143544934838,2.006678403824607,-9.881548166177959e-08,-3.218702072852621e-07,2.675972164096368e-07
589,1.0,0.6049150048141317,-3.4796028211454306,-8.259267612000453,-6.897301559070146e-08,-3.5568004108791827e-07,8.522269441071228e-08
590,1.0,3.9831680445709647,0.8456084237869265,-1.1297269448772236,4.1595080234174266e-07,-7.41299247482505e-08,6.739723273174272e-08
591,1.0,-2.419829826573804,6.775164140532552,-28.726192987204943,9.172612216420499e-08,-2.201222446102131e-07,2.8956832451642595e-08
592,1.0,-9.012671112052292,3.4081293195093605,1.6847385211255361,2.2824117778451354e-07,1.9141398157046652e-08,-1.0307349877378984e-07
593,1.0,-2.5559057666602047,0.3782921161383167,-1.6317497025981764,4.900270583989696e-07,6.61929088287009e-08,1.6032425651852157e-07
594,1.0,1.3243816888852005,-3.5904232576963073,3.213038501635406,-3.3691809818336094e-07,-5.437781919737389e-07,3.870848959245963e-07
595,1.0,-5.072410918058947,3.5331606271398743,0.32875817247058337,5.884438495445821e-07,-8.067271834257165e-09,-6.752821774034571e-08
596,1.0,1.0195552871733922,1.7425399234934644,-1.6254199073268567,8.68071109993044e-08,-7.306327729054486e-07,-8.472001230255988e-08
597,1.0,0.7901061830114416,-0.42141332915443785,2.2771179037148523,3.7160789260616855e-07,-8.79085910002984e-08,2.3657611008574646e-07
598,1.0,-0.570107800078273,4.990946370751738,3.769112828711665,9.5120947402672e-08,-6.615787288636504e-08,8.030631536558058e-07
599,1.0,2.3718650350395825,0.6526212895153728,2.244964195307286,6.615618697707141e-07,7.984830617855043e-08,-3.918478433641739e-07
600,1.0,2.0588277861502586,-2.9367026611563825,-9.177225982986918,1.8299495279341776e-07,1.495601676606686e-07,1.656711264506681e-07
601,1.0,-7.649395323974815,-3.369425683043025,-2.2251242746901942,1.640492325416399e-07,-2.3524955944532443e-07,1.4275430350127793e-07
602,1.0,-3.168386581076205,0.6525294834315061,0.12820572817523812,-5.715862094111017e-07,-6.245694495652833e-07,3.389139292582063e-08
603,1.0,-2.1545924266000736,2.8430442045925397,3.8317773934980304,3.4467406913328595e-07,1.0769598756485809e-07,-5.221399958927379e-07
604,1.0,0.05823868136850716,0.6602260834888555,0.3088569265016713,1.6172103865229745e-07,-1.6023353515246647e-07,-1.8597897410224928e-07
605,1.0,4.204960300375223,-0.2424551519955648,2.329941649865935,-6.789342317758382e-08,-4.3477391593303367e-07,-3.4254585036249854e-07
606,1.0,-0.3883167656296556,-0.46014065237993784,0.6214758731478744,6.006789206321561e-07,2.0274977290469853e-07,-4.917726296928927e-07
607,1.0,-3.411023700923959,-0.15228684062087425,5.4894646209694,-1.2360550046415922e-07,-4.985775513014593e-08,4.727196120045301e-07
608,1.0,2.8680253108501006,4.747644497877276,-4.744933852045698,-1.6894501077158838e-07,-4.1395242849305e-07,2.0774140945803024e-08
609,1.0,-1.2826296154200265,1.3409572203773354,-2.163319917049202,-2.9614646524696463e-07,9.194577406447936e-08,-3.2729093481530226e-07
610,1.0,2.2682664105488275,-1.5230310225794006,1.6896716248083572,2.564776633643032e-07,1.4940861977464484e-08,1.8212698268570318e-07
611,1.0,6.5114682119092695,-2.0012871747580863,-0.122409040294236,3.545094283572498e-07,-2.1758588799499037e-07,-5.87071377226262e-07
612,1.0,-0.5981839576653384,-0.25497330978052496,7.31696939008884,-1.0843366978148785e-07,1.9643277713064317e-07,-5.759830802685468e-07
613,1.0,5.131938494873383,-2.7751515240842513,-4.180747970255124,5.458931381032408e-07,5.654201262244211e-07,1.8933670741686961e-07
614,1.0,2.399808998872535,-2.08988431475698,5.4035379728995565,-2.629559838711932e-08,2.6874078494112136e-07,-1.802787696212014e-07
615,1.0,-4.234319085736136,1.5389468354685023,4.122889084307728,1.6154359923341722e-07,-4.190225489082942e-08,-1.998020695087895e-07
616,1.0,2.282587007406229,-2.1618444591226282,-3.78981402515959,5.675208227129165e-07,1.3587423402900206e-07,4.930815209969202e-07
617,1.0,-3.9214232576091055,0.8645768736491781,-6.030482080600466,-2.7181935842843314e-07,1.4137446755653257e-07,-3.9673188880457754e-07
618,1.0,-3.0130846822526394,0.7739111730174444,3.814727331829287,1.2690902232316535e-07,3.9252290350464547e-07,-4.2526743369328e-08
619,1.0,1.8722578730997863,-0.5873648750245961,-2.671870332565631,4.38114905723138e-07,-1.8813142076865095e-07,-2.3562018792760071e-07
620,1.0,-0.973942850541901,-0.9824558340469149,2.2127685421999392,2.9050628073363554e-07,3.629913652198181e-07,-4.085803953788461e-07
621,1.0,-2.932805453284704,3.175506699927353,5.382201678999642,4.994136554860157e-07,4.375981532873467e-08,-7.340368642935707e-08
622,1.0,2.1770292649541254,-1.434797708060716,-1.387085252776744,-2.814777638749328e-07,2.596056228524298e-07,-6.077013685623147e-07
623,1.0,-3.1436185881352143,0.49734919894633844,-0.7949651270123297,-4.1698436212201384e-07,-8.648582578660674e-07,-1.848186611533813e-08
624,1.0,0.2547887945581514,1.5372903888116638,3.924183661209242,-5.920817212186898e-07,-8.605522337803957e-07,3.420717322182981e-07
625,1.0,-0.3957629885853966,-3.077554922618422,-0.10778463411360495,-2.7288859660009032e-09,7.708841964741978e-07,6.510853319833416e-07
626,1.0,6.788225332131799,5.430701098987142,1.5108655809927938,1.583222622191619e-07,-5.572610520337388e-07,4.3485394162099086e-08
627,1.0,-1.5210597546053817,0.06406112977873418,1.5937654159387749,3.9605900988593523e-07,-7.62026130365936e-08,2.7682250978073934e-07
628,1.0,-2.020632027840109,1.798100895035443,0.5815616195631794,5.851538285391514e-07,5.890689138391939e-07,-9.029620557109331e-08
629,1.0,-0.24985083080347825,-1.8995185477441745,-0.12210203081507737,-8.855867773127747e-07,3.3901507688805656e-07,-7.146576714596612e-07
630,1.0,2.8593774984676337,-0.4525952523248746,-0.04472449006244281,-2.5321303744490504e-07,-2.7205309395492144e-07,2.0702618086863047e-07
631,1.0,0.6093171985369796,1.226032266185137,2.227494511924547,-3.665169645141918e-07,2.396935441749988e-07,-3.3264204942413863e-07
632,1.0,-2.173093879485557,-3.5445217663663624,15.263784241392726,1.045023776265978e-07,4.866812211720517e-07,2.6187604032899844e-08
633,1.0,-0.4601597186993607,-3.3931098733673077,0.11295834907312685,-5.956888638964077e-07,2.528528882989044e-07,3.9823537429352577e-07
634,1.0,2.330297943914797,1.593036475066563,-0.1142221350834598,-2.7666387990833085e-07,6.058482361961554e-08,8.02750798346233e-08
635,1.0,-0.5373563736837926,0.5020935715114598,-1.1367602111519322,7.865988958553354e-07,2.562906177630892e-07,-5.271715239691126e-07
636,1.0,1.7707243697093897,-2.366816259433551,0.0236993420870113,4.429058695833628e-07,-3.5378365947052216e-07,-2.1115701542884838e-07
637,1.0,-5.035896044537605,-2.6611966592433576,-0.22233350815990494,-7.813059212681934e-09,-3.634123935081961e-07,-1.2284028301650996e-08
638,1.0,-1.3113089988369384,1.8233411642868036,-1.7766445927165173,3.022681596487387e-09,-1.5273988009021723e-07,-5.593370694065588e-07
639,1.0,3.215276403740873,5.898612905597881,2.0027914135823908,6.254328093467256e-07,-1.9525827441183536e-07,-5.537352828592392e-07
640,1.0,0.6053294257164479,-1.81921144654991,-1.2612567964942683,6.981286230452529e-07,8.445296588038783e-07,-7.164792743969842e-08
641,1.0,-4.478128622047942,-0.507251122382694,-0.44008566995413473,-2.909425314280494e-07,4.922096172440768e-07,-7.308992953456188e-07
642,1.0,4.085271830867864,1.354666882967872,-3.290359016710605,-1.5128262930656515e-07,-5.36067823687084e-08,-3.3930731371620784e-07
643,1.0,-3.5696426440792886,-2.254152694538141,-0.529748336374898,-2.5231856964143007e-07,5.161110862357353e-07,8.297045739994003e-07
644,1.0,0.8086438826649447,0.926661209696036,-0.021131693459391893,-4.3297980806355097e-07,-5.032965415073832e-07,7.076731329183639e-07
645,1.0,-1.107318405336429,-1.084915945910296,2.010914047378717,4.653768655764819e-07,9.991769950690279e-08,7.539318036805661e-07
646,1.0,0.044395436117763844,1.206229874419699,1.1429753101466935,-3.224137983016934e-07,3.121984942346808e-07,9.554805973929553e-07
647,1.0,-1.8918088891499658,11.209726602815335,2.4169603810886717,-3.659148151067337e-08,-5.216477989225397e-07,2.7666848810500574e-07
648,1.0,16.873281481545007,-7.778910120428863,-12.595447364996582,-5.828702706869547e-08,2.3800001478928741e-07,8.605138502578824e-09
649,1.0,-0.5069353715794058,5.656556434031257,-11.454989348941405,2.798551642041849e-07,-1.6119164218147025e-07,-2.396531264093944e-07
650,1.0,1.721030110547342,-0.1310460228779675,1.967239282000422,-7.455015253815398e-07,-5.810055445587039e-08,8.129563591971879e-08
651,1.0,3.0339443473504657,3.447538514105588,5.453309147003219,-2.1116754650223953e-07,2.5336666823428014e-07,-4.6159229942062875e-07
652,1.0,-0.26025112937271716,1.9014913217353528,-1.457198651458779,-2.7342315968944547e-09,6.960289669698228e-07,4.716694331808289e-07
653,1.0,9.324587077606132,2.541277274768821,2.939737568089041,1.2894103709162556e-07,-6.503599491241873e-08,-7.024404540315732e-08
654,1.0,-11.485943197836484,1.958423098556098,0.2536707930176544,-1.9605399897096423e-07,-2.2748392431155396e-08,-5.3920903964611234e-08
655,1.0,2.2512288252966117,0.013163114862997337,-0.6235821671021788,2.3560593436000544e-07,4.380570980282374e-07,2.208599973585102e-07
656,1.0,0.19900185718356664,0.5173411581748003,1.8907181229854488,-6.091684634642526e-07,-3.189822929482287e-07,8.236251798525587e-07
657,1.0,-3.3140469896266778,-3.7391163788909165,1.3664522050712096,9.896072523259186e-08,1.694958806824902e-07,-1.8411986531743878e-07
658,1.0,-1.4543994566901113,0.9955011656363643,-0.7366078470442574,-1.0690113043422696e-07,7.626430001602174e-07,-1.9598334301301515e-07
659,1.0,-1.0520710170444465,0.6873867302731099,-0.04620656106053242,-4.292967180660385e-07,-4.0169903201519867e-07,1.6217830966873433e-07
660,1.0,-1.8260148078151546,2.3991718716956685,-1.357274179284528,-8.151659403766112e-08,4.265756966123701e-07,7.943076210338472e-07
661,1.0,21.48540739141528,-13.051618256188315,7.369233382583694,3.5871123409291416e-08,-1.990789307464509e-07,1.3440281939265154e-07
662,1.0,-3.90737205589157,-2.0847622254258247,-1.4618361394055661,3.106701726866798e-07,4.256942026908532e-07,-6.004261750500875e-07
663,1.0,1.823194524632038,-1.4328346291574507,-8.65334368387205,7.001018650527435e-08,-1.485564952332356e-07,2.8205472030635072e-08
664,1.0,0.7500778777941955,-1.536463368496588,2.7802364766340966,-1.123180996017919e-07,-1.0538196729273852e-06,3.980202868789342e-07
665,1.0,2.2718495418114077,-3.3338196383256204,4.911767794283846,5.139388764554819e-08,-1.5906804822156695e-07,2.709818327071541e-07
666,1.0,-1.1066257047582508,0.04086903522770278,4.531263025745569,9.45091529078047e-08,1.6286874567315072e-07,-3.507423448038329e-07
667,1.0,-3.7301028873375692,-2.537310278664916,-0.24700168654996335,1.4121488696018995e-07,1.6438471119406545e-07,-3.2679999279063946e-07
668,1.0,0.2638826870848253,0.35694036438381543,0.3653445462343694,-2.3607349374260018e-07,8.533819306115235e-07,-1.7853510960200831e-07
669,1.0,-1.3743530364790553,0.1748084662775045,1.4687322029994383,1.258009316266653e-07,-1.8247883870460404e-07,-4.1236032089735085e-07
670,1.0,1.575794061392943,2.3457412902036316,-2.5924879142650084,8.121194434811881e-08,4.223013377213783e-07,-2.684338413381375e-07
671,1.0,1.6540757934457266,-0.008457670792703119,-1.158024340208814,3.386132779930787e-07,3.1227039160823797e-07,-1.6375548797385953e-07
672,1.0,-0.2274668597961923,1.5670447734624162,-2.4313740829294037,4.157366340526875e-07,-4.3014357087744296e-07,1.9671993172796396e-07
673,1.0,2.220868207531762,1.3715673015110053,-3.8136188629661754,4.5021786897906475e-07,-2.206673786075167e-07,-1.4616235894686467e-08
674,1.0,-3.289008052900118,2.2107652777909133,-0.1951313954965057,1.40914316939118e-07,8.026932513310067e-07,-2.8143603244795393e-08
675,1.0,3.8695905516955333,-1.488689265615718,-4.788547031131608,5.684684903224566e-08,-3.626479306197382e-07,5.050393176228293e-07
676,1.0,2.2843828256916563,1.0441153565540273,-0.21897321778672296,-7.412463347449019e-08,4.351481159732452e-07,-1.1496315606883659e-07
677,1.0,-4.445096985324614,-1.5461573229021204,-16.440993214011208,-4.0280413705927315e-07,-2.1405150619887566e-07,-2.9511034328273105e-07
678,1.0,-11.835821101871932,15.979874552339774,-8.35184124720195,2.585052704832974e-07,-5.1657484047876386e-08,-3.0357667433054013e-07
679,1.0,2.4724734040579754,-0.7391865628104789,-0.31612159683582763,-4.98749113432695e-07,4.6026850154172923e-07,-4.66622338797386e-08
680,1.0,0.8601991027454381,-0.42139709194662733,1.0503015843130392,1.3470063970273876e-07,6.569447692196486e-07,8.064378779826219e-07
681,1.0,-2.130327492462536,-8.273156109897139,1.2023800145867134,-3.146914036460363e-07,9.772585922131722e-08,-2.501657130475162e-07
682,1.0,0.30197894159309124,-0.9390936320184521,0.9730793593130738,-7.004368667966264e-07,-6.2080906032067575e-09,2.597223201696036e-07
683,1.0,1.6126617941296246,-0.07632408153636393,2.9932135980456183,5.221355195171761e-07,2.1337941398032296e-07,3.299074596173274e-07
684,1.0,-1.7806848431872522,-4.859712490973737,3.7735365310244204,5.998798050233227e-08,-5.594475240283411e-07,2.6305047943434506e-08
685,1.0,4.752530067757108,6.905295994316681,-0.6226545720170027,4.221558945769582e-07,-1.7172298680643258e-07,-3.887628896996179e-07
686,1.0,-0.2942226020839664,-2.4805953003386794,-0.5750608257189027,3.2860838754365587e-07,4.4049211108011495e-08,1.0992267051926852e-06
687,1.0,2.6232614448359612,-0.044726070309492695,-0.36786603067809537,-4.028635054126387e-07,8.312913438551036e-08,-9.358642624393933e-07
688,1.0,4.556864244433857,1.4562389919277519,-6.780145666645685,1.677108714533538e-07,2.70608642051863e-07,2.797898764145465e-07
689,1.0,0.38193368788005344,2.998563675439825,1.2732940188076634,5.38014997494272e-07,4.565665860536742e-07,-6.7565062288457e-07
690,1.0,-2.2668861025370655,-0.242822318717433,-3.9506073695329125,1.219086355759601e-07,2.6973976918789635e-07,8.454642829179683e-08
691,1.0,-0.5253085859092915,-0.866700033471539,0.6451698427055308,6.479721703240255e-07,1.607377692528924e-08,5.742300535095896e-08
692,1.0,0.39212925138486576,-0.30224121581305596,-0.8402326342479971,3.6063075692951914e-07,1.7491954634092168e-07,-6.894783996303713e-07
693,1.0,-3.8130420618308394,0.34864358048993593,-2.937863694083164,-4.3742390462563043e-07,3.5616343360292223e-07,1.4562333539701748e-07
694,1.0,0.9659654937645107,-6.223159870814407,-1.2618778286254861,4.867698504164787e-07,1.6601031004055657e-07,-2.996601545362068e-08
695,1.0,-0.38302519932731405,-9.978261884840533,-6.733088596495592,2.081399179282668e-08,4.939257057994284e-07,8.010186159680243e-08
696,1.0,9.487480158269324,4.148799622471116,1.349410989838777,2.985017649251202e-08,8.984502094501022e-08,-3.06622672021778e-07
697,1.0,0.6020450900023335,1.5058944621658,-1.4672687366862571,5.472900271273518e-07,1.7428843479759835e-07,7.370711126387063e-07
698,1.0,-1.3917750328279863,3.297330399364623,3.379380649203203,5.140313069869937e-07,5.4719971503002744e-08,-6.206585604502136e-07
699,1.0,-6.286369071156988,-3.9411754668333416,-3.0797986143633813,1.9769689704625522e-07,-1.492944030517946e-07,-7.384494145755577e-09
700,1.0,5.428143965315961,5.411241841313281,0.39202743922314276,2.0846706575111825e-07,-2.562868621140069e-07,-3.0497468784471274e-08
701,1.0,-2.704674031579099,-4.003853556878428,8.647281580074612,7.557805577778512e-08,-2.623283076422241e-07,-1.675365065481486e-08
702,1.0,-0.6260240261458054,-2.2164857088014043,1.6871632561153362,-4.683120746221091e-07,-4.2157466540867277e-07,2.6381311475357747e-07
703,1.0,-1.4565643339404022,-3.0717206042804306,-0.20842103320413918,-3.117764129225233e-07,4.5961572167581426e-07,9.471286053814e-08
704,1.0,3.2894450348267883,0.46893151401689814,-0.31892642919541,4.3616848959078356e-07,-5.338433431402067e-07,-3.151635571557318e-07
705,1.0,0.7645788681553842,2.363246370586933,-4.6710974280721915,1.0996697102351352e-08,2.325235001138056e-07,4.409241510647829e-07
706,1.0,-0.47954274944628894,0.23576272499520995,-2.87212075339578,-4.618460093604127e-07,-8.094280405017193e-08,5.6120806283351726e-08
707,1.0,2.0328193616723835,-0.9360763201143306,2.655129060553724,-7.343245488100104e-08,-2.4218393025092364e-07,-5.345833472672138e-07
708,1.0,-2.8371176049696443,3.7284914681846764,4.552702493263539,3.2246424823828826e-07,-1.7634656344643728e-07,3.6642997006518866e-08
709,1.0,0.8917558395287152,-0.5788664530814273,4.0142952138190156,-7.490487578230868e-08,5.194096789693593e-07,1.1456493343285892e-07
710,1.0,1.5477580218954756,4.246801872184661,0.5639613075184985,-7.560160205535732e-07,3.8909349977488515e-07,-2.2975435892886216e-07
711,1.0,1.284574578410361,0.5276979955819344,1.6080368075226623,-6.882439439572494e-09,-5.289578554245811e-07,-3.5014987093421757e-07
712,1.0,-4.629730360277241,-1.744679096234968,-0.07638695767453044,-8.087817730909763e-07,3.356281754223065e-07,1.7061931224153507e-07
713,1.0,0.7663337863090569,-0.6693519146287822,-0.447252538574137,9.128661295942192e-07,3.051489126450108e-08,-1.9078943474781772e-07
714,1.0,1.8324257928166552,1.5716476293892225,2.2706641766772697,-7.98325543107466e-07,1.7181956032734939e-07,-3.810442654387338e-07
715,1.0,1.1460295204812756,3.531281880089149,-0.1288253475287628,2.5056785649793123e-07,-4.696564869204715e-07,-9.727871617145139e-08
716,1.0,0.11589601948733315,0.837535741303192,2.0572044527474587,1.1510347500331005e-08,-7.907529928846984e-07,4.737253919923822e-07
717,1.0,11.085740097013133,6.529022105813891,-4.03033331369131,-5.702677618971115e-08,3.2139532025201636e-07,2.2055335478013957e-07
718,1.0,-0.01707436683447161,-0.027415746961967052,0.3101414992017679,5.48375931963244e-08,5.481805639028113e-07,-1.582786577590678e-07
719,1.0,0.3786155704751276,-1.3182391583463926,-1.2493881470241328,-3.862548486449587e-07,-1.7332454056805277e-07,-6.340867841086109e-07
720,1.0,-0.924445468959195,-1.0767078174938256,0.36889649600366053,-8.628225231730975e-07,-4.089817700673612e-08,-3.0521437145090183e-07
721,1.0,2.1596469288202824,-2.4282716046993316,0.38630123354177803,-2.639580399568182e-07,-1.980667395242016e-07,-4.500687576390512e-07
722,1.0,-1.291693972697158,-2.107726076035778,-0.3296731883632453,-1.0196528883638648e-07,-5.626627987932045e-07,4.6638137009844023e-07
723,1.0,-5.087255589114081,9.808027902578228,-8.570347944830202,2.2477342189833235e-07,2.7319540372288003e-07,1.268828263877605e-07
724,1.0,2.336683980545934,-0.23465821353097727,1.1066538342259813,-4.037484019662528e-07,-3.9933345469558526e-07,-3.179726955807674e-07
725,1.0,0.9525711256518775,0.7607275353187525,-3.4527530087208524,-3.430701361321143e-07,1.0178630061839903e-06,-2.9602362282392243e-07
726,1.0,-3.139707223338119,-1.054174983930918,-4.278971040257286,-1.995296559801125e-07,-4.9075871256722674e-08,-1.0622480213396538e-07
727,1.0,-1.7714244761199827,0.6988349311377222,0.5452694953746691,-4.14877173327523e-07,-1.1741722401234146e-07,2.681150308308727e-08
728,1.0,1.4648618049060962,4.9914283913870605,-1.3200058723738566,-6.665094655955524e-07,-1.2820111651671108e-07,4.4031455810542984e-07
729,1.0,-1.3115932374560846,-0.11451523198729274,-0.2012966257754581,4.6534799957454156e-07,1.9591738724117418e-07,2.6688332810219195e-07
730,1.0,-0.7455652626706704,0.049464495935702214,0.45840067837474535,8.504470121643482e-08,-3.790588556327539e-07,6.965365825190867e-07
731,1.0,-3.420123474557281,-3.346429745085147,-1.4398341131520276,-1.657739246313112e-07,1.4776003272058501e-07,2.6619425630740997e-07
732,1.0,1.05294170949962,-0.009237590910831858,-3.0330187552474634,-3.6198478967242623e-07,-1.4094738724979054e-07,2.854463071480266e-07
733,1.0,0.6229432413041819,0.16856652113195444,-1.3667224585537618,-4.872738444965209e-07,-3.2542344148098385e-07,1.4465085333980658e-07
734,1.0,-0.4785235801625344,0.11645000550945642,3.0439420735894904,-7.428751982349104e-07,1.1853263200968939e-07,1.889397841636898e-07
735,1.0,4.025877236953396,-0.9304344747949947,6.970615449293278,5.22349233801009e-07,-6.658762243769504e-07,-3.759379005153034e-07
736,1.0,-3.982074551342574,11.84372527216234,5.990197714071881,-1.8256212986177188e-07,-6.457562153617487e-08,-1.0897187313341147e-07
737,1.0,-2.002532869525999,5.010949205260286,-0.7958623770330107,2.321631452164204e-07,1.2984826334683406e-07,1.4377642128246034e-07
738,1.0,2.4567948239344357,0.0037582213004325807,1.586095367152927,-3.663183760632182e-09,3.554113705723649e-08,-4.925535488034697e-07
739,1.0,0.06753020753362385,-0.7393308350193879,-1.3789331599825096,1.1094160158385892e-07,-1.5513326169978576e-07,2.1890495374550567e-07
740,1.0,0.3209155178797551,2.0489726649064184,1.5208350741808951,-6.970335246428852e-07,6.337091662753255e-07,5.1808465476282486e-08
741,1.0,2.2571091978495756,-5.442964940776491,1.7245346596351392,-7.306234065484341e-08,-4.2197050607400796e-07,-3.1301413074365906e-07
742,1.0,4.217705477223922,-2.842161523216187,1.1189179154213338,6.243845466553875e-08,6.724461305241013e-08,-6.491493971712821e-07
743,1.0,-1.8502483282484408,1.3787303521316139,0.863861008484061,-7.601403676674076e-08,-4.5726024951455284e-08,2.380801036704932e-07
744,1.0,0.676653542548309,-1.4816649199148189,2.4879114573303394,6.883633659018656e-07,3.89982281341789e-07,-3.311020772528563e-07
745,1.0,-2.413895494797261,2.534747312144785,-3.69656599226665,-1.8186546265377487e-07,2.5888197351250524e-07,1.7380896131845568e-07
746,1.0,0.925575794459411,-2.1150535331882434,1.9032557672357289,3.064860653956906e-07,-5.502184239389952e-08,-4.927592831125495e-09
747,1.0,0.1057986481849637,-0.31736041280655825,0.9832060658033861,2.39574192172698e-08,5.517613618648583e-08,-5.4481858301043436e-08
748,1.0,-0.33896715818494927,0.6902476744143942,3.218886058461795,-4.319519609060824e-07,-4.808691749983978e-08,-1.503646715997016e-08
749,1.0,-2.2986379552612037,-2.182305466424822,1.4302024348108167,-3.3865848344319447e-07,5.370206328116498e-08,-5.953045287079509e-07
750,1.0,-1.9795856549593973,-3.0787216269566384,-5.3000486793846715,-2.2236833055008755e-07,-3.7507936664749313e-07,5.006163397679924e-07
751,1.0,-2.33160673880119,2.40325192553057,4.785529286371045,-3.7760408723664395e-07,1.0286407473192778e-07,-8.854671556177871e-08
752,1.0,-3.3689699302750142,-0.7753079415520908,5.160333621809449,-1.1384321195341146e-07,-3.373519098771564e-07,1.1615844119122575e-07
753,1.0,-2.692797504539021,1.8480933333154665,-3.781575970455154,9.098981145389805e-08,-5.846348955374269e-07,7.458733638227327e-07
754,1.0,-2.406469082312464,5.274282271246392,0.33649045432287283,2.0248190124663533e-07,1.6280261691379255e-07,-1.9230946000232297e-07
755,1.0,4.82748939071595,4.621511577279791,-0.1839385872134926,-1.6801396040557676e-07,6.788699569236926e-07,3.2770984821118225e-07
756,1.0,-0.9309990480229975,3.4451233429286736,-0.582798963686127,3.2762293897934503e-07,1.8713282881212592e-07,4.996684060617562e-07
757,1.0,3.8549362645435084,4.134760454995434,3.452983528685497,7.893370883971772e-07,-4.7641536538054125e-07,-1.2259620269115e-07
758,1.0,2.4384469064746783,3.047596711286218,-3.7836089185754322,-4.119425784270872e-08,-1.7110819971322983e-07,4.6567712422195733e-07
759,1.0,-1.183871913587012,2.9268469897749885,-1.5091752930129532,9.065452272492834e-09,-6.240971563933426e-08,6.375107920192764e-07
760,1.0,0.633699682217327,0.9549633592163053,-0.6287994048338568,7.360025380848758e-07,3.637497286156263e-07,4.569792198701024e-07
761,1.0,-0.4795874294232838,0.8078995913323632,-2.4465549605536405,1.1138843242680873e-07,6.104390238982228e-07,6.263719532537879e-07
762,1.0,2.713505967599108,-4.8592636900071415,8.83767712529523,1.709636953513312e-08,-1.7269513278113614e-07,1.4503728980856902e-07
763,1.0,0.3434344858978134,-3.7996591625065292,5.685380384073492,7.012708881027271e-07,-9.966909830099863e-08,-1.0817179828002561e-08
764,1.0,-2.855026746469415,-0.21931437165417933,1.972658605627836,-6.103094337798658e-08,-5.510925549762171e-07,1.1420111977150732e-07
765,1.0,4.565898853867936,0.12799949741869152,-2.6343919438237817,5.147306788825494e-07,1.1539208835157194e-07,-3.1820403583578254e-08
766,1.0,0.22748637408484187,1.3577435570709688,-0.7641251418859665,-1.3098313213845858e-07,-1.6155605565013226e-07,-5.771405283921797e-07
767,1.0,-13.349819648968626,6.259654874381226,-2.7115115093338624,-1.6899783742970964e-07,-4.999159881972161e-07,-1.204982452306127e-07
768,1.0,-3.961338126762598,0.7957347329185356,0.5823649077967823,-1.5081705560619102e-07,1.0765141593885141e-07,6.20989288603098e-07
769,1.0,-3.1096201715722334,1.7910325944074086,-1.34165129042459,1.0718249834770205e-06,-1.1821793922087252e-07,1.3064390171875073e-07
770,1.0,2.8283249156520487,-7.583176250067707,-0.6826154418215242,2.4194957867802115e-07,-5.522083493492837e-07,-2.082640431527576e-07
771,1.0,0.2952034506984659,-0.5851693162108141,1.884671923456025,-6.184891536115335e-07,-9.985190056876028e-07,-9.237628216252533e-08
772,1.0,0.1572223656861375,-0.9824770825628002,-0.03985213404629448,4.6146910089770233e-07,-8.764690753892567e-07,5.930283321722196e-08
773,1.0,-2.5579839590320326,-3.043773224083345,0.5005273743970111,7.748814613692137e-08,-2.946295692524531e-07,9.337921474087031e-07
774,1.0,2.139793638640093,4.088470916117966,-0.14995299268160373,-6.250591349887101e-07,3.9840504927878e-07,3.703335823000082e-07
775,1.0,1.0212497841224364,3.3839068958893153,0.5774134397534705,-4.4592169724739733e-07,9.055720704969617e-07,1.2707879021065e-07
776,1.0,7.582838004056904,1.6210421674304576,0.055174977969857486,-6.810583367529252e-08,3.465036023757896e-07,-1.3978122946083728e-07
777,1.0,1.1935618521111877,0.911516478509117,-0.01149937624011621,-2.0534732363110466e-07,-9.970917452924644e-07,-4.130767157553901e-07
778,1.0,-3.583719214670203,-11.897694045449274,0.202740961265163,-1.6574214702240247e-08,1.676280437822684e-08,3.2380397409458917e-07
779,1.0,-1.1955402134557438,3.3069435461293217,0.15896812885748993,7.994580658012687e-07,-1.6422413478320874e-07,-1.777870478102312e-07
780,1.0,2.7922176824226366,3.240142775352558,4.181608198252374,-2.861568023138912e-08,-5.091305868454568e-07,-1.5130292545346214e-07
781,1.0,2.8603597873664253,3.3963738066439624,-1.6490782960490429,1.1198553654697087e-07,-1.3534686206268436e-07,7.383893933563413e-08
782,1.0,-2.746905880357052,-2.5493623115835704,0.9525429254860474,2.7116058101408895e-07,7.115810839608641e-08,2.415072841176268e-08
783,1.0,1.5641005320269838,-0.12382477609110251,-0.34091317128775195,2.908163422087599e-07,-2.1808060526561903e-07,-7.37625317598927e-10
784,1.0,0.8154446005022038,2.340213803486407,-0.3898936209844594,-2.88398292338623e-07,5.064460791182144e-07,5.533332316832011e-07
785,1.0,-0.8015164682638581,4.011367858466646,-1.2859289146007375,-3.1921915719534944e-07,-2.0825307215290882e-07,2.7676047880115244e-07
786,1.0,-0.4305984505022903,2.2304037508144128,0.09694445189178423,8.858471689254476e-07,2.85643484705581e-07,1.3323735075756315e-07
787,1.0,-8.332396616383788,1.525044520133361,-0.10278370609810905,-3.147011625457244e-08,9.557584832398297e-08,-1.9130021143796614e-07
788,1.0,-1.111189206445293,-3.5844763818515775,0.8233768697259993,4.7118606572900705e-07,4.5091762358113415e-08,2.770447890779485e-07
789,1.0,0.36569566985672775,-0.20005934126484154,0.7613950962199016,4.967575989740149e-07,-5.824592162724778e-07,-9.396044147025128e-07
790,1.0,2.8138222642218045,-2.3763228691838236,-4.596175195684074,-4.4781627185679947e-07,5.14141312368845e-07,-6.267119874826e-08
791,1.0,1.9393114234391013,4.649314092631206,0.85587840121697,-5.482111779065621e-07,2.507873582957182e-07,-4.140463469604637e-07
792,1.0,-5.18153970423982,3.977112816680433,-0.07257999945537813,2.5659228391811314e-08,-1.303133125123446e-07,-2.8429958010342853e-07
793,1.0,5.713060101225097,-11.432009917590447,-2.7122182738622294,-8.297684032251688e-08,-2.0604622595247467e-07,-3.2691175328967866e-07
794,1.0,-1.1830434784256756,2.9494580142813147,3.848737302785711,-1.9897564530638254e-07,-1.9585623044610106e-07,-1.6412238763611096e-07
795,1.0,-0.5727331512304742,1.5421671499568441,-3.3081851432366935,6.405947594714924e-07,-5.459135899680877e-07,-2.431134908533804e-07
796,1.0,-4.998881003862198,-1.685014199926991,2.124288586065613,-3.298051893838924e-08,1.8713272350357029e-07,2.815256411812877e-07
797,1.0,-6.707145932717141,-7.132451006208308,-2.88645123854816,-3.1420554467749987e-07,3.519652096588212e-07,-3.712583202234218e-07
798,1.0,-1.1302636082806314,-1.6970879248284136,1.9557857994996752,1.3167243603448844e-07,-3.1226964867524765e-07,-6.36860100581725e-07
799,1.0,2.9152733998723157,-7.612832701348409,4.8896790601411775,-3.853055935031849e-07,-4.62116329881292e-07,1.3360681736774815e-07
800,1.0,-3.0413831899678225,1.3358687318219011,-3.285571179454003,3.310084087507148e-07,-4.831800022829995e-07,-2.1272832128925307e-08
801,1.0,-2.099949452280045,-2.4648032733135774,-0.40439204835096315,3.377598243953489e-07,-3.6108469520577986e-07,-9.408605261099304e-08
802,1.0,4.647098836997514,-3.8173059599961876,-0.10208043403757244,-6.745524025016825e-07,2.8101852795492235e-07,3.5530056715453254e-08
803,1.0,1.099465916338251,-0.0776661082321451,-0.34977252308725165,1.3696755723694928e-06,2.789973322578883e-07,2.901745190120729e-07
804,1.0,3.670729871533956,7.1488136940868285,-7.509228263804151,1.6597694559132491e-07,2.2548522549272286e-07,-4.101269050917998e-07
805,1.0,-1.9242791128745693,-1.9429737885117024,0.03908210437018586,2.284319839088896e-07,1.2311790781585884e-07,8.603186165930084e-08
806,1.0,-0.3698372012823056,11.386344569618066,-9.761911985156358,-6.838006793465704e-08,6.823106628730755e-08,5.754708387018534e-07
807,1.0,1.2340571273041954,-0.7368273431938827,0.39564662462912437,3.374124872126638e-07,-5.882915024537627e-07,6.059839795435375e-07
808,1.0,0.5077278695203815,0.11467612058572102,0.7606519792427389,1.0542474363914096e-06,3.5214126336175364e-07,6.946681754746285e-07
809,1.0,-1.4026039141653606,-2.423472916847184,-4.946184079253702,-1.1479152827459321e-07,2.452925462810381e-07,-4.2589358611902004e-07
810,1.0,2.319186472900408,0.12711031947437743,-2.739212662100586,3.5064961768207817e-07,2.1134244750386207e-07,5.411273623549742e-08
811,1.0,4.346063157769682,-0.5648175077774308,-2.6357156894886984,7.282172335345582e-07,6.688159665223269e-09,-1.7926612947166252e-07
812,1.0,-2.5904100758122395,-2.1546053129226186,-2.705517920209171,2.6218682689800095e-07,4.3123744027281573e-07,6.123559184431544e-07
813,1.0,-0.03396264565086887,-0.08487657683688646,-6.186226302665556,6.930764195124895e-07,-2.8563423711758486e-07,-1.7553815363772856e-07
814,1.0,-6.998335500560666,-2.002545416203653,2.0853463623900175,-5.8357621750956595e-08,2.4136862520140155e-07,-2.8090906920344525e-07
815,1.0,-0.26533966411036425,-0.0467421105868552,-1.9319782808021666,3.565788429551984e-07,-3.8154326253897605e-07,4.487083832613315e-08
816,1.0,1.3017162262986441,1.2173233660839367,2.0382899035904782,7.234861822867994e-07,2.5835502143428847e-08,2.1604891839378706e-08
817,1.0,1.469481290905271,-2.863891532505849,3.085908608023263,1.7862524396241083e-07,-6.277469398274689e-07,2.0498945069304786e-07
818,1.0,-0.735546989678121,0.24557476674385514,-1.5116848864230947,-2.1826128644879385e-07,-4.7587044256532985e-07,-1.8951795317222586e-07
819,1.0,-1.4699761159411588,-1.3400853905305503,3.9143786481614264,7.029218911217277e-07,3.852954018584017e-07,-1.2939065674500724e-07
820,1.0,1.379128567526394,2.6665310092844865,-4.111357773788397,-3.627823573641403e-07,7.49897445624476e-08,5.436892465752525e-07
821,1.0,-8.934968173262037,1.7362144548134129,-3.6883855117241136,2.4425606908085917e-07,-4.0848527454483106e-07,-4.19571907673017e-08
822,1.0,-10.410200210758635,3.877298887974023,0.33321915744473696,-6.146000201539565e-08,-1.5199668994938618e-07,-4.348694367637911e-07
823,1.0,-0.01740488222321232,1.3180565841580334,0.5905761359040522,-5.63264940502792e-07,3.487827809464881e-07,-1.3027020610380648e-07
824,1.0,-0.8887095765447465,0.6833319066610436,-0.6212936226102246,6.1999415207549e-07,2.466472381717539e-07,-5.731371544635075e-07
825,1.0,0.9190933341182261,0.7350303667422223,0.4424912419550586,2.370757717639588e-07,4.807967446427379e-07,1.0778291808490338e-07
826,1.0,-3.4537163694920148,-0.8211507675446773,-2.226679729654546,4.3759762526793205e-07,-7.176614243123629e-07,-3.8199959788696655e-07
827,1.0,-2.2637291313474357,-2.7130470336512045,-0.8482542269043916,1.1007444946500103e-07,5.182797224474218e-07,2.547937232914581e-07
828,1.0,3.8780147826771136,-1.2751650328803035,2.645187643136735,2.0487625531888886e-07,4.861065211221421e-07,3.241948328834357e-07
829,1.0,1.4722472162264313,-4.097749560688121,5.542371791049746,4.552427586543839e-07,3.919642686757348e-08,-1.5614862856344664e-07
830,1.0,10.998894096504518,-9.289966432641231,-1.3004563028238776,-9.72862740815123e-08,-7.143967469609696e-10,-2.101187644662023e-07
831,1.0,8.305701464440475,-1.8210537888748806,-0.8085645478800498,3.077622446492895e-08,9.125936839680393e-08,4.13808798516639e-07
832,1.0,-2.9898917854027607,-1.8288007950239487,3.1845122904101895,2.98250693749709e-07,-3.902951362921594e-07,4.799252936909378e-07
833,1.0,-0.5813461144092348,3.690135679893783,4.239628779103154,3.897639509997062e-07,2.791182471615796e-07,1.0853308821952205e-07
834,1.0,-0.6858602884338509,3.484351366673934,-2.8722661029848173,-4.3046697982948805e-07,-4.255586145389626e-07,-4.16220238829196e-07
835,1.0,-5.871622996639801,-0.5867310827974396,-3.4570343183409578,5.745181803533594e-07,1.6117048858138084e-07,3.108819220380099e-07
836,1.0,0.32300214179201564,-0.49560235874822256,-4.31952495169417,-4.871503500711098e-07,-4.906573222340533e-07,1.0544835022313587e-08
837,1.0,-0.930631775097716,-3.3578255736508464,-1.3446214818663895,-1.4789885261686743e-07,-3.6201415399986705e-07,-5.332406230946536e-08
838,1.0,3.1624330166123134,-1.863763574410955,6.413305348324935,-2.1553527505231482e-07,1.647948058566043e-07,-1.0299107370713881e-07
839,1.0,2.1399588611573446,-1.622209784279835,3.2356879261199234,1.1056364765131669e-08,-4.344042943964338e-07,4.837950152001414e-07
840,1.0,-3.579374169492808,-2.4139463844473252,-0.22014906975564674,3.089996611070082e-07,2.864040622052188e-07,-7.415051764508658e-07
841,1.0,-2.671173540216219,-0.10817558635147712,-0.9628469831307165,-6.368600775821923e-07,-8.114756662511915e-08,2.862527612528842e-07
842,1.0,2.4758513933267388,-2.720658650461974,-3.919003157897796,-1.605450869510072e-07,3.17725501018354e-07,3.3917206510898573e-07
843,1.0,1.0640269666592173,-1.9325505595241856,2.625758438863155,-3.6766528258371163e-07,8.537780741965443e-10,-8.472090593051057e-08
844,1.0,-5.600686831811444,-14.758803504513892,-0.20115014357493116,1.049482560957359e-07,-1.0112850399081731e-07,-7.81287798005312e-08
845,1.0,1.7416641399361514,1.4452341580143222,-2.3314449589444606,-2.6308924561028006e-07,7.754833900018973e-07,2.131703245310345e-07
846,1.0,-0.01800403506908818,-2.2102798724312036,2.806917558988031,3.954040478028793e-07,-4.56195276817485e-07,3.487077343692344e-07
847,1.0,1.0087462650867494,-1.1290200270748927,-1.267944510918553,9.706789988153115e-07,-5.05847595507732e-07,5.335730372053615e-07
848,1.0,0.6186252008012676,-0.31922664572611736,-3.5411569351125713,5.587916846423709e-09,2.0173653592309543e-07,-5.577879247307102e-07
849,1.0,0.8681561309865687,-0.6850220352210604,0.027712536726924142,5.76144422346102e-07,-2.4512899124676953e-08,7.769045867190908e-07
850,1.0,1.5139119565169135,0.8627261549443793,0.521336697888399,6.201014957557732e-07,-3.163167671277487e-08,-6.656370386284036e-08
851,1.0,4.1585808182191695,8.655658702015565,-2.2553623490642596,1.534608385899179e-07,2.786504509292782e-07,-3.655507691917575e-07
852,1.0,3.7642772553329955,2.235731371071807,-6.305968091354567,-4.5502626234667593e-07,6.435750104524722e-08,-3.565650192762427e-08
853,1.0,-3.392731780638403,1.9658263102040685,-0.7673519424421336,-3.0914343033731163e-07,7.439905305178434e-07,7.565810027866678e-09
854,1.0,-3.264899442913668,1.887718643570979,-5.435345438664631,2.013135694921356e-07,-1.4526462342134882e-07,7.343654099977837e-07
855,1.0,0.8282462620447258,-1.5307028375055043,-0.3914544974121659,5.954771444684561e-07,-1.1295266017456148e-08,-4.130173804736837e-07
856,1.0,-1.7028203614105637,0.3787001379668421,1.6233759225693387,-3.3746000782466416e-07,3.768032306417034e-07,9.033054294191434e-07
857,1.0,1.4774863464419197,0.35245573240087275,1.0948471304080338,6.292604891022374e-07,4.765058366908159e-07,2.699711953154405e-07
858,1.0,-0.34087026764988715,0.7704885271679872,-0.6699683881131882,6.440763493813513e-07,4.846787366057176e-07,3.3067736989928184e-07
859,1.0,4.618720434867647,-3.5253382950919736,-0.8966749572190984,-6.127398901903863e-07,-3.31985439868594e-07,-4.7100615978327447e-07
860,1.0,-0.44318103195391956,0.8985623389662696,0.9672623308364849,8.429770362110028e-07,-5.845735493814887e-07,3.633226432882784e-08
861,1.0,0.946022357914668,-0.19126772213305,-1.9974786687853159,-3.094056159206753e-07,2.1768713627497053e-07,-3.0563914497414474e-07
862,1.0,-14.343242961365494,-3.966498633272288,-17.966492264676855,-1.2803692559193025e-07,-1.5643182066153315e-08,1.1310336615720575e-07
863,1.0,1.8311750192277807,-2.361504796567085,1.3517346056356925,6.231403276400323e-07,3.873101628719939e-07,-7.900275873578036e-07
864,1.0,-2.7772536556826886,3.430525794665709,-3.2387381624426195,1.6072799980730618e-07,2.4578795662041746e-07,-6.775683500605446e-08
865,1.0,-0.22477112040540442,1.450119441168435,3.165248991153857,-2.759415399702488e-07,2.941107959207323e-07,6.51779866794399e-07
866,1.0,-1.8738037250288406,-7.348221421204583,5.83432027261203,-2.033796186666268e-07,-4.7727942996445116e-08,-3.063900525306662e-07
867,1.0,-3.391346169136601,-1.2895069705071704,4.101063221319724,3.780027131970447e-07,2.0346184516267016e-07,-2.574447400861962e-07
868,1.0,2.3436859673796606,6.108708366479494,1.5174044845747694,1.9598020029235022e-07,-2.1742272589964416e-07,-2.2518499519711528e-07
869,1.0,3.435399042838001,0.9228408220266205,-2.305829413683227,-5.408662621545275e-07,5.308837577426782e-08,-1.8633012543853517e-07
870,1.0,-5.664667473714052,0.6614395226632541,-0.3775601032768406,-3.7690832529263465e-07,6.248310115833153e-08,8.961362456044987e-09
871,1.0,-2.2288544606211547,3.5729861398834317,0.36167020993959353,1.880649152031729e-07,2.2524259462255264e-08,-5.074564141657662e-07
872,1.0,-1.351420718957333,1.2962867675721,5.0031882152951015,4.129104192719077e-07,1.3234834580055135e-07,-4.1488171203531686e-07
873,1.0,-3.297323657233994,-1.2761626076245334,1.4467989535295844,1.200070632925845e-07,-9.124659535826099e-08,-1.745615644797223e-08
874,1.0,-0.31752829624401385,1.2255353126497248,0.2755432857420578,-8.354000540861418e-07,-1.0195541400878046e-07,4.713739134962609e-07
875,1.0,-3.587544278634496,-5.0585662517909,6.411729425094276,1.7053313467648688e-08,1.5168539314460042e-08,-3.762456756088204e-08
876,1.0,5.828136134233394,-1.1968564365112775,1.370639874743747,-2.7579530950825127e-07,1.0555506229494763e-07,-2.4389009075051815e-08
877,1.0,-0.21864964790200753,-0.3597882041755223,-1.4159511032354486,4.887860342126499e-07,2.1374636354096628e-07,2.427258253500234e-07
878,1.0,2.8130899251600496,-0.8326386377326673,-0.09943724598281728,-6.92246116004488e-07,2.591102999136028e-07,1.3508932516106142e-07
879,1.0,0.32124526063208114,-1.4851733126751219,-1.0929073746003226,-5.773630070150017e-07,2.0078041556240664e-07,8.014999623807986e-08
880,1.0,1.8464883736114264,-1.935098783779067,0.43013659101056584,-5.824879709594479e-07,-5.548201202110378e-07,-2.599309701255004e-07
881,1.0,-2.488920789208171,-2.4693439600889864,4.818415815644043,4.6198012895404456e-08,4.236267055755492e-07,-2.163118944623036e-07
882,1.0,0.25910286313740305,0.8658553282544308,-1.6542620905003675,1.1898038306135127e-07,-5.723625397792224e-07,8.974444659550154e-08
883,1.0,1.2120732904661793,1.5532442883669488,1.422365471191102,-1.1463349074288292e-07,2.1774691584074074e-07,-4.773532488199968e-07
884,1.0,-0.8008083248213459,3.0971825298097646,-3.262500369759842,1.1178156530754494e-07,-7.696352345699946e-07,-2.8516903441014813e-08
885,1.0,-3.9392978259069764,-4.367533686271693,0.0028918275517151038,-6.412831281950856e-07,1.5345757132175502e-07,-7.867541182005878e-08
886,1.0,4.491571030288319,0.8346284670402452,-0.39343207497074045,-1.9903769135608874e-07,-1.8673753347028194e-08,1.823911352215913e-07
887,1.0,1.7489280127927764,1.161339535994414,0.5949180784189293,-9.905879316984493e-08,-4.602610361317834e-07,2.1006349727113323e-07
888,1.0,2.339931402577319,-2.763032206495179,4.62510117950523,-9.107532053911023e-09,1.9104084886452492e-07,1.7085634157186783e-07
889,1.0,-0.3165559481477689,-0.23029048588974863,1.3482985414817978,8.17532228133912e-07,5.036454958757896e-08,-7.697115920950112e-07
890,1.0,-0.030047468498786173,0.4515798662784214,2.2031655233454517,2.4519336044212457e-07,-1.728399193976314e-07,-3.6260205303400653e-07
891,1.0,0.4601029338952122,-2.751665584208049,0.20544473665982554,-5.625561742763314e-07,8.206373644210909e-07,-2.8409399416893133e-07
892,1.0,-0.6950874060689195,-1.5776284457613632,0.4925384721197992,-4.7430830521906507e-07,1.9989468579165523e-07,9.846635261049443e-07
893,1.0,-0.47976863166655814,4.23488716096514,0.17398244001695518,-1.9801917689386833e-07,-2.4678576224240953e-07,1.892428535637195e-08
894,1.0,8.204215719606168,6.303459965314551,2.3181164995947854,-2.3331945365027556e-07,2.1831429854485042e-07,-1.2960789423777453e-07
895,1.0,-1.328064719156122,-0.28175654404727346,-9.219403097371984,-6.162675324122624e-08,6.402365921519815e-07,-1.1585791932712181e-07
896,1.0,1.6068806613090496,3.612571415507172,1.4787899238663933,-1.2668712080784112e-07,-2.9908269441564905e-07,-2.0988173671458592e-07
897,1.0,4.190694745626083,-3.4480871714087478,6.929742070034562,6.522784474823267e-08,1.7597108181714868e-07,-6.801485439386265e-07
898,1.0,0.6935200597678535,-2.4602118440935206,0.3754892238063378,4.8775975276307175e-09,-6.504844353532093e-07,-2.2624165459279673e-07
899,1.0,-1.1761765913526891,-0.9323930494240897,-1.1948343140758706,-6.433452738263274e-07,5.226380155545795e-07,-6.807186304721615e-07
900,1.0,4.285898045446628,4.367522292944082,-3.114549846634342,-2.1459604471056326e-07,3.483537471901273e-07,4.140661981919651e-07
901,1.0,1.5943994651357,0.8511728917518273,0.9805234524590174,2.964705385304591e-07,6.718135111772927e-07,3.014799372371472e-07
902,1.0,-0.4571029287131315,1.477320681083942,7.058810745995226,-1.2253219571996405e-07,2.1059815492572863e-07,1.611421859260335e-07
903,1.0,-0.700826058189983,-0.8465500157101434,-2.604380210155992,2.3607764923618625e-07,4.369805177856886e-07,1.7064159762560548e-07
904,1.0,0.6204736042861712,-1.0923989348650767,0.1642688577233824,1.327295741306512e-08,-3.7080538806749807e-07,-8.023867876916245e-07
905,1.0,-0.017114192727889638,-0.7068290160346202,-0.5254089260606691,-1.5627664706619907e-07,-3.916211864836085e-07,3.187995660048806e-07
906,1.0,-2.5361757351550818,-2.5127516896520574,1.4490228823928148,3.15380939647533e-07,3.2882711020054904e-07,5.687290810196825e-07
907,1.0,-0.13145668317363784,-0.03523888699311351,-1.5731055145957056,-2.2656665601561703e-07,5.78542170571324e-07,4.6168795660355894e-07
908,1.0,2.288620647596347,0.08721707589264763,0.7038742676170608,-1.7386607613357303e-07,-2.1228308362950695e-07,-8.273995949832854e-07
909,1.0,-2.1786465932476684,1.3557899834139542,-3.666497640560328,9.020105333393191e-08,1.4767749561041279e-07,1.4016093116173792e-07
910,1.0,-0.01550245633361419,-0.37613068252234005,-0.7497079021571329,-2.1382863374722768e-07,-7.748305582455421e-08,6.926807948798239e-07
911,1.0,2.5268520216222594,-0.5768537738476524,0.6783177688158424,-1.18166111085342e-07,-4.234656449521999e-07,4.4508621039115567e-07
912,1.0,4.263017921036577,-1.1423867442595008,3.975992318230636,-1.9847580165108445e-07,-7.768951706713114e-08,-4.232357799495168e-09
913,1.0,-3.7134822096361058,-5.582067309716151,-1.4390516138992646,-1.811025280333613e-07,3.6822151537170023e-07,3.1969428339381066e-07
914,1.0,-0.5703897542815878,-8.772857621916751,-9.952707341819682,1.9034409534634484e-07,-9.154319144064779e-08,2.826773518913309e-07
915,1.0,-0.7044959260865891,-0.9091954062762907,3.2203531870026016,-3.7588360484876883e-07,-2.403869557406661e-07,5.066360634463071e-07
916,1.0,-1.043656628831491,0.593451101854184,-2.0981568493794813,4.706183812391986e-07,4.5646923897640966e-07,2.774253785236967e-07
917,1.0,-2.132531278610405,-1.8014270049497616,2.184347016981509,-8.560537566886834e-08,-2.1747116144352268e-07,3.874905004720033e-07
918,1.0,-6.017795255665233,-13.38038093372305,2.1700421565327286,-3.505248241174334e-07,-6.892797786892273e-08,-1.3872906728086805e-07
919,1.0,-2.3623639243445647,-0.0549089104544899,2.330662145721498,-3.3610858174435196e-07,-1.6513928499370015e-07,7.55900332733213e-07
920,1.0,-3.0633610898243164,-2.145946306493165,8.534713239963553,-5.93340373128606e-08,2.3304173303619193e-07,-2.930496027959803e-07
921,1.0,2.7435012466348594,0.4986016113991707,-14.536507330378509,2.0443621974855215e-07,5.191053449506798e-07,-1.994118244221544e-07
922,1.0,-2.581652665396012,-0.7100445324379355,9.921127464271413,-4.5685195062130195e-07,-1.4589175657212095e-07,-6.273831722593433e-08
923,1.0,0.36333600210793093,4.505655555475894,-5.724456446095977,-3.623459882698971e-08,8.913803996921259e-08,-1.094749688162354e-07
924,1.0,0.6593259216483314,3.2980557610274293,0.8941373069923635,7.074275749249904e-08,2.2245454776440246e-07,-1.8170895861909536e-07
925,1.0,7.606979035887713,-1.301855010587625,0.9439240745821875,2.9666175022732925e-07,2.4970831331362917e-08,-8.551456889961625e-08
926,1.0,2.7001890439220757,3.8943604303244554,-2.305630761738136,-3.6885352329483395e-07,-1.7770700894712775e-07,6.170576668031043e-08
927,1.0,0.38414486430340106,-0.22746384936009734,-2.716652797459723,1.6153721607820085e-07,-6.194414186440694e-07,4.6123504634791655e-07
928,1.0,4.626350289955461,8.838250368691314,-3.117849820287543,2.6716352272050253e-08,-4.822442709835164e-08,-1.0381284031997302e-09
929,1.0,-0.18813883583103908,-0.9549412720013761,-3.161885684544882,-2.707758626368188e-08,-1.5228663605572685e-08,-4.4476501319370833e-07
930,1.0,-1.1151768473702799,-2.3321282617880463,-0.8077464668832797,-5.813611737770237e-07,8.616327050945431e-08,-5.23626254955886e-07
931,1.0,-0.9289205306642689,-1.3510456174839522,-2.6527902975519475,-1.9253921316141296e-07,5.482092718297691e-08,5.705686483709783e-07
932,1.0,5.818514716464884,7.205637840538422,2.7085275038694974,-2.0913435189804265e-07,8.984956258619398e-08,3.2359035814245895e-07
933,1.0,0.29247699350332035,0.9981320440573141,5.238686764340219,-5.75299349088421e-07,1.3952817000997213e-07,7.414403153609078e-08
934,1.0,1.088995887812525,0.9853243829835715,0.055041937697637516,-1.8139351563314729e-07,-2.4712197866224147e-07,-1.4004565091584226e-07
935,1.0,2.2264637042155924,-0.26211184164899026,1.2549807785429246,3.0273729346602604e-07,9.17491381716167e-08,3.91855193351294e-07
936,1.0,-0.5358802499834925,-0.3504758460415201,1.1076759343028535,1.495101655197851e-07,1.1391047368340596e-07,-5.192359305095135e-07
937,1.0,-2.4141310999079577,0.0009921335254719915,1.3827159186100308,5.707624707820081e-09,-6.803086847180814e-07,8.600600958700229e-07
938,1.0,-26.596923056952253,2.5656514253712097,0.10138123527665245,1.65059857624341e-07,-7.023189591942742e-08,-5.275214741473376e-08
939,1.0,-0.7473444798639921,-1.8607642752478188,-0.8428930196095226,9.537088810585003e-07,-6.479815085627466e-08,4.4816646552728416e-07
940,1.0,-3.0231849266045936,3.2104057622884588,2.0588147889733537,-1.375837208226086e-07,4.6156565212874655e-07,-4.600225889087456e-07
941,1.0,8.457867326948994,11.470943863909541,4.209108394967119,3.8264053251413896e-07,-6.189530310463808e-08,-6.719968020589763e-08
942,1.0,1.0753902007210638,-0.5933088239284913,0.6083349703805578,3.8744968773092354e-07,5.796028619882182e-07,8.998281779218518e-07
943,1.0,-2.5648558535349366,3.1474578481285915,0.997838633557683,-9.677653294768429e-08,6.488178025611006e-07,-1.1621283386737193e-07
944,1.0,-0.08503713602015078,1.458648388862012,-2.1616916373837594,-7.9037343769535e-07,1.154999251154043e-07,3.0350905464234654e-07
945,1.0,-5.064576691396199,-24.942193656418937,14.594132290567572,-2.3122007863307284e-07,-5.0560455800523414e-11,-1.2437733012939194e-07
946,1.0,0.11384031142716947,1.4426147116718206,5.081771207901669,-3.8012060865585123e-07,3.235517003699965e-07,5.046560767261868e-07
947,1.0,0.7343883368435492,0.4234648746074362,-0.0014880482245194782,2.595383604479761e-07,3.5753470039071756e-07,1.1431432246072594e-08
948,1.0,3.01671039245867,-2.6717538078918657,0.08828369801222248,-2.87804356876812e-07,2.9012893268516316e-07,-2.853059898363267e-07
949,1.0,-1.0382627693096522,-7.514549636109216,0.26095570019065073,-3.3979570629212737e-07,2.4140866895142767e-07,-2.445399525514713e-07
950,1.0,3.2427700721964747,-1.3500276516945597,2.8921136770448026,-5.164999530885876e-07,5.824551057384011e-07,3.3248466244436613e-07
951,1.0,1.2982046175323705,0.5090049370997128,-3.2571441474431104,1.3122822875097512e-07,7.571053294084914e-07,-5.599829680086126e-07
952,1.0,-1.4292369236581652,6.424909862665973,-7.671079471919023,1.0664654670606433e-07,-4.910384348381512e-09,-2.2055312233968578e-07
953,1.0,0.6579157378680538,1.6077321853499162,0.18828065914999015,-2.535932950304106e-07,-7.000949738953179e-07,7.369839993155258e-07
954,1.0,-2.3302400907603635,1.569226314362776,4.499676312022091,-1.0329703607786651e-07,3.797677416318645e-07,1.0572702706066799e-07
955,1.0,3.0573583192633604,-3.4083992388541517,7.401456040532498,2.7638876329429007e-07,1.740752124198505e-07,-3.44238469450628e-07
956,1.0,-1.28263330564012,-0.6999211135440033,0.9852100081361475,2.1472034512415834e-07,-9.451077676721465e-08,2.3524269943501233e-07
957,1.0,2.861733279596635,0.16348807200799528,0.01922558688772491,5.464260593449854e-08,-2.896834684829385e-07,4.103412154357148e-07
958,1.0,-3.235459815181038,-0.7382816159087529,1.0743026909794622,1.4020275774978874e-07,-1.4200990463239814e-07,8.434661395588867e-07
959,1.0,-1.5323076646471168,-0.9948596896416936,-2.9159835095396387,1.0095272741127595e-07,3.211591888127661e-07,4.52841947692415e-07
960,1.0,0.9965908198990318,4.263243692250488,-0.7596273409239451,-5.154467627802221e-08,-1.663632627136019e-07,6.698292174095613e-07
961,1.0,0.9825671887791166,-0.32390948436879363,-2.113503353510591,-2.7038588843132483e-07,1.5963802688223537e-08,6.886902534115717e-07
962,1.0,4.3820642360874995,2.7268883471525687,-3.771505121009201,6.268509810004073e-07,-8.83059490892788e-08,-9.725335801501589e-08
963,1.0,-5.179195483173633,5.843170895720411,-4.267743602601522,-1.7642102190693153e-07,1.819945254220699e-07,1.4076864563856884e-07
964,1.0,2.9988711941570365,-2.38674408550702,2.330963541006274,3.319174229881568e-07,-4.657033705571898e-07,-4.858313041888714e-07
965,1.0,0.3450862266889624,-0.05450489848806355,-1.591429291859417,-5.228962038500502e-07,-1.211993842213162e-07,8.218737310926827e-07
966,1.0,-4.938201772532691,0.6072060410902743,-6.229743574604663,1.6426409611092762e-07,-2.711350130867894e-07,1.1903422424790587e-07
967,1.0,-0.26435876110770146,-0.7753751583107372,2.0626703049417765,-2.3083191478663676e-07,-1.1238060779408857e-07,-5.254838874885277e-07
968,1.0,-1.3148351558290348,-0.1110858137990424,0.04366887340112853,-1.199524572258489e-06,-9.769504863032706e-08,4.4791806566272887e-07
969,1.0,-0.8485856817877802,-3.834526566029391,0.45119342668902757,1.46338136597577e-07,-8.545966169589058e-07,-1.3456738451351418e-07
970,1.0,-0.24063725817318787,-7.595992463970034,0.09160705393091738,7.18718135397643e-08,2.1559459191647786e-07,2.4819306548762745e-07
971,1.0,-7.180424580828977,-4.319504444574473,0.16217176761959304,-7.927656830036895e-09,1.2044678344460042e-07,-4.294632772853742e-09
972,1.0,-6.754595968711485,5.884988139154626,4.751044080061551,5.50469999155606e-08,3.609245326041047e-07,-4.0718993650534564e-07
973,1.0,0.850304488931124,1.2984750804616623,3.3082024505304326,-1.0938464923624632e-08,6.233047108783631e-07,9.766940198269076e-07
974,1.0,0.6088842336418964,1.4646737135907397,0.7661581735315401,8.055275737749632e-07,-3.0997453226002344e-07,-1.0706715303065407e-07
975,1.0,0.6867078975552009,-0.6043273374134938,3.200247126228017,-5.844007425183272e-07,-2.891499959925728e-07,2.164091700397385e-07
976,1.0,-0.6424925881425746,-2.614494417354913,1.4333910425913594,7.718444223849752e-07,4.7408420524211545e-07,-4.3067955777443727e-07
977,1.0,-2.849006647402601,-2.03146616972492,1.1793600888476976,7.764521726515934e-07,1.2588798331403435e-07,-1.9892672228356992e-07
978,1.0,1.3225559867025052,0.18407618577016277,-0.31969181245405454,2.3454958077201228e-07,1.4891819744873064e-07,-3.4468460695091875e-07
979,1.0,1.4767912007147417,3.17365481382445,-3.328536548544056,-6.039102194824723e-07,-5.521905609719647e-07,1.4136488276069492e-07
980,1.0,8.529209743251966,-10.476325685618479,19.568260247113194,-7.711300781560985e-08,-1.0112252729478289e-07,-2.9690877098948524e-08
981,1.0,-1.1965780652857168,-2.7154218257850546,0.5214084311074962,-5.47732022224369e-08,4.4969591091443715e-09,-7.64173717742212e-08
982,1.0,4.465054819926369,-1.7362175355396876,1.6644390195398184,1.5685790175998178e-07,1.2675488928550124e-07,7.88243085984927e-08
983,1.0,-2.8626995325889046,-2.0543090847526324,-5.073441660989141,-3.3516244220758857e-07,7.394096994573103e-08,1.9491629904998788e-07
984,1.0,0.4859589629304472,-1.3581189328894083,1.8832114420581547,-8.205455604552478e-07,5.744580975412082e-07,5.638957290317027e-08
985,1.0,-0.5817069808550699,9.165325742859393,2.9411397313155176,-3.5375282876923174e-07,-1.8639430365966112e-07,1.0822810870930248e-07
986,1.0,1.691690571289992,-3.308575859393751,-5.4299353622973605,2.2560717183069993e-07,7.005385126085762e-07,-5.714025251109049e-07
987,1.0,0.010098945748343427,-2.034825549206183,0.6015502560109711,2.2294156042411806e-07,5.032301325852461e-07,-3.088119793822712e-08
988,1.0,0.7869632361212037,1.6373061626663044,-0.3232967063101707,7.965305098635413e-08,1.014620072253394e-07,1.6203405403014618e-07
989,1.0,-1.5826000747500515,2.2176723524081443,4.337841424339251,1.7473242454262382e-07,-3.2904392546245615e-07,-1.7731183567396863e-07
990,1.0,2.9830926443264474,1.885770059649006,-0.4336783185449878,4.97928117244168e-08,8.647695339002179e-07,-2.6131017570235914e-08
991,1.0,-0.9934531337182397,-0.8784709792314246,-1.4402919402953287,-4.5968843191007574e-07,-6.756020015141647e-07,-4.9639491863971e-07
992,1.0,-7.3950960044657155,0.8256825347910178,2.3156096941410613,5.6134114540929793e-08,8.62622006964015e-08,8.312277390983663e-09
993,1.0,-2.556853995616618,1.6576573480208368,3.7402726350524325,3.9179530764612036e-07,-1.249484236433678e-07,-4.046821885601078e-07
994,1.0,-8.552086622547398,-7.600304448372946,3.2932499631531633,-2.8915600462193352e-08,4.2280395412042634e-08,1.2657741730632002e-08
995,1.0,2.9728148040867604,4.400896781864919,1.7281666031854044,-8.22544068564131e-08,9.030038929152249e-08,3.2481009071999777e-07
996,1.0,5.723290569557833,-10.748877507576891,-4.3735851876997724,-3.353191540040433e-07,4.3340154779922514e-07,1.0932997839932885e-07
997,1.0,-1.7621736013866136,5.443091424073792,-2.4520907437725357,-9.686013258269823e-08,-5.372557370023037e-07,-2.1982352301304596e-07
998,1.0,1.3923976991447207,3.4876639698321954,3.9121064758672452,-2.0907001280789039e-07,6.30768520180513e-08,-2.1184303862530335e-08
999,1.0,0.6222911117674278,-1.0992011268544197,-1.2567639547128089,3.1164405973379016e-07,-9.186426516934049e-07,5.689042931399482e-07
